Alloy,No,Component,Fraction,a,delta,Tm,D_Tm,Hmix,D_Hmix,Sid,VEC,D_VEC,BulkModulus,D_Bulk,Phase_inshort
Al22Fe3Ti8,3,Al Fe Ti,22 3 8,1.421909091,0.041205297,1257.495152,459.4583256,-23.55922865,4.148763144,0.831831708,3.696969697,1.42456476,92787878788,28.31399437,IM
Mg65Cu25Gd10,3,Mg Cu Gd,65 25 10,1.54025,0.105473258,1097.9925,246.1519108,-5.71,2.798747086,0.856840995,4.35,3.850649296,68050000000,41.59143542,AM
CoTi,2,Co Ti,1 1,1.3565,0.077773682,1854.5,86.5,-28,0,0.693147181,6.5,2.5,1.45E+11,35,IM
Ni60Al10Ni10Cu20,4,Nd Al Ni Cu,60 10 10 20,1.5074,0.111946698,1314.101,179.5635277,-27.52,6.697493262,1.088899975,5.3,3.522782991,72800000000,55.24635735,AM
Mg54Cu26.5Ag8.5Gd11,4,Mg Cu Ag Gd,54 26.5 8.5 11,1.524145,0.110196544,1137.6581,246.2450614,-8.4484,4.059060387,1.137001343,5.26,4.222842644,74080000000,42.5263871,AM
AlMn,2,Al Mn,1 1,1.391,0.029475198,1226.235,292.765,-19,0,0.693147181,5,2,98000000000,22,IM
BCoMo,3,B Co Mo,1 1 1,1.144666667,0.204498906,2337.333333,460.5658356,-28,8.034647195,1.098612289,6,2.449489743,2.43E+11,57.92715732,IM
NiCoFeCrAl0.3,5,Ni Co Fe Cr Al,1 1 1 1 0.3,1.259674419,0.037575522,1806.288605,295.6353907,-7.268793943,3.910516654,1.542613125,7.88372093,1.955425396,1.66E+11,25.85184732,SS
Cu0.5NiAlCoCrFeSi,7,Cu Ni Al Co Cr Fe Si,0.5 1 1 1 1 1 1,1.263230769,0.063547119,1659.439231,368.7261405,-22.57988166,11.82337015,1.925121191,7,2.717464882,1.44E+11,39.40324079,AM
Bi2CaMg2,3,Bi Ca Mg,2 1 2,1.6076,0.124063092,810.08,227.7415851,-26.24,12.07572905,1.054920168,3.2,1.469693846,33800000000,10.47664068,IM
B2MgNi7,3,B Mg Ni,2 1 7,1.1963,0.180114245,1771.5,373.8853434,-14.88,4.722087674,0.801818553,7.8,3.370459909,1.95E+11,74.37909653,IM
Au52Pd2.3Cu29.2Si16.5,4,Au Pd Cu Si,52 2.3 29.2 16.5,1.344886,0.082487017,1412.28059,142.1877227,-20.634916,6.170784807,1.083554817,9.822,2.592357228,1.76E+11,48.35859386,AM
NiCoCrMnV,5,Ni Co Cr Mn V,1 1 1 1 1,1.2824,0.033312919,1875.6,263.6972506,-9.12,4.359192586,1.609437912,7.4,1.854723699,1.60E+11,21.9089023,IM+SS
Co2Mo1.75Ni2VW1.75,5,Co Mo Ni V W,2 1.75 2 1 1.75,1.304411765,0.042011454,2436.382353,774.8377824,-6.740484429,3.705703804,1.583449225,7.529411765,1.913347761,2.15E+11,53.26047503,IM+SS
CoCrFeNiAl0.4MnV,7,Co Cr Fe Ni Al Mn V,1 1 1 1 0.4 1 1,1.28528125,0.043208028,1806.623125,325.1076637,-10.4296875,5.125768296,1.913566161,7.21875,1.980125864,1.56E+11,28.60117731,IM
Al0.8CrCu1.5FeMnNi,6,Al Cr Cu Fe Mn Ni,0.8 1 1.5 1 1 1,1.293428571,0.049563605,1590.703333,366.6113282,-1.74351222,6.112714217,1.772346011,7.920634921,2.596099561,1.43E+11,32.17190535,SS
Au29Ag5.5Pd2.3Cu26.9Si16.3,5,Au Ag Pd Cu Si,29 5.5 2.3 26.9 16.3,1.32625125,0.085282886,1422.516413,159.4997212,-21.87725625,7.590539949,1.344556973,9.545,2.809888788,1.59E+11,49.3096086,AM
Al2CuMg,3,Al Cu Mg,2 1 1,1.43575,0.079581612,1036.9275,185.2878124,-2.25,0.488140605,1.039720771,4.75,3.631459762,84250000000,34.58594368,IM
Cu51.5Zr40.5Al8,3,Cu Zr Al,51.5 40.5 8,1.421945,0.108847255,1635.76915,421.1732235,-25.0561,6.029217639,0.909872932,7.525,3.590177572,1.07E+11,34.16794834,AM
AuSb2,2,Au Sb,1 2,1.367333333,0.03861334,1048.296667,204.37743,-3.555555556,0.20951312,0.636514168,7,2.828427125,1.01E+11,83.9100047,IM
Cu50Zr47Al3,3,Cu Zr Al,50 47 3,1.43537,0.111447554,1707.0491,402.7834702,-24.1616,3.730041616,0.806630942,7.47,3.533992077,1.06E+11,34.43926421,AM
AlCoCrFeNiZr,6,Al Co Cr Fe Ni Zr,1 1 1 1 1 1,1.337,0.102379003,1758.078333,407.9711354,-27.55555556,12.52339375,1.791759469,6.666666667,2.560381916,1.39E+11,47.21997544,AM+IM
CoCrFeNiAlNb0.75,6,Co Cr Fe Ni Al Nb,1 1 1 1 1 0.75,1.30273913,0.065024412,1823.125217,523.4340257,-18.02646503,7.477701174,1.786723603,6.913043478,2.430119759,1.55E+11,37.08713492,IM+SS
Bi3Pb7,2,Bi Pb,3 7,1.654,0.088659264,583.837,25.62118071,0,0,0.610864302,4.3,0.458257569,41500000000,6.873863542,IM
La55Al25Ni20,3,La Al Ni,55 25 20,1.64065,0.164996524,1235.1175,268.9053205,-37.18,4.797253277,0.997271523,4.4,2.8,70400000000,58.30128644,AM
AlCoCrCu0.5Ni,5,Al Co Cr Cu Ni,1 1 1 0.5 1,1.292666667,0.058053397,1619.634444,435.347403,-10.17283951,6.624275744,1.58109375,7.444444444,2.871743996,1.48E+11,40.57366415,SS
Mg32Al24.5Zn24.5,3,Mg Al Zn,32 24.5 24.5,1.487574074,0.062373018,856.5021605,107.9646516,-2.501905197,1.191731419,1.090269752,5.327160494,4.413545713,61938271605,13.88564022,IM
CoFeNi1.4VMo,5,Co Fe Ni V Mo,1 1 1.4 1 1,1.28062963,0.037059927,2051.333333,433.5892407,-9.163237311,4.353169794,1.599165411,7.777777778,1.892154041,1.84E+11,23.27741683,IM+SS
Ni57.5Zr32Nb3Al7.5,4,Ni Zr Nb Al,57.5 32 3 7.5,1.37968,0.118018115,1827.07025,346.504617,-46.1614,7.564065035,0.982282257,7.405,3.034958814,1.37E+11,52.6866945,AM
Ni57Zr20Ti16Pd7,4,Ni Zr Ti Pd,57 20 16 7,1.36099,0.106215111,1849.0835,159.0551043,-43.12,13.45725043,1.121656603,7.84,2.88,1.47E+11,45.56611802,AM
Al85.8Co9.1Y5.1,3,Al Co Y,85.8 9.1 5.1,1.434399,0.069566942,1053.55426,295.2322661,-12.993552,5.52776373,0.501293639,3.546,1.725654658,83679000000,31.42871233,AM
Si2V,2,Si V,2 1,1.207333333,0.063643515,1852.333333,233.8166423,-42.66666667,2.514157444,0.636514168,4.333333333,0.471404521,1.20E+11,28.28427125,IM
B2CoMo2,3,B Co Mo,2 1 2,1.1234,0.223498447,2451.2,420.4180776,-31.04,7.720965743,1.054920168,5.4,2.244994432,2.56E+11,55.35341001,IM
NiCoFeCrAl0.375,5,Ni Co Fe Cr Al,1 1 1 1 0.375,1.262628571,0.04117134,1791.326,314.2256415,-7.993469388,4.205131874,1.559977599,7.8,2.039607805,1.64E+11,28.15374699,SS
Al2La,2,Al La,2 1,1.581,0.133281354,1019.98,122.3436153,-33.77777778,1.990374643,0.636514168,3,0,60000000000,22.627417,IM
AlCrFeNiMo0.5,5,Al Cr Fe Ni Mo,1 1 1 1 0.5,1.299888889,0.061121774,1800.104444,577.5786992,-11.85185185,4.966599136,1.58109375,6.666666667,2.449489743,1.56E+11,46.9651828,SS
BNi3,2,B Ni,1 3,1.1395,0.16188101,1883,268.4678752,-18,2.598076211,0.562335145,8.25,3.031088913,2.15E+11,60.62177826,IM
AlNbTiV,4,Al Nb Ti V,1 1 1 1,1.40975,0.0394704,1951.8675,657.2079752,-16.25,7.749495951,1.386294361,4.25,0.829156198,1.29E+11,38.11823711,SS
CuCoNiCrAl2.5Fe,6,Cu Co Ni Cr Al Fe,1 1 1 1 2.5 1,1.312666667,0.064784844,1490.459333,447.9384322,-9.777777778,6.753727823,1.709472777,6.866666667,3.073904502,1.36E+11,44.15125517,SS
Ni60Nb20Hf10Ti10,4,Ni Nb Hf Ti,60 20 10 10,1.3374,0.088571907,2031.5,426.4385653,-32.4,8.203072595,1.088899975,7.8,2.712931993,1.64E+11,27.27636339,AM
Al2TiVCrCuFeMnCoNi,9,Al Ti V Cr Cu Fe Mn Co Ni,2 1 1 1 1 1 1 1 1,1.3257,0.062715627,1635.471,426.9517463,-15.44,8.589318017,2.163955657,6.6,2.727636339,1.37E+11,37.83331865,SS
Au9Sn,2,Au Sn,9 1,1.4598,0.036580353,1254.105,249.675,-3.6,1.92,0.325082973,10.3,2.1,2.04E+11,48.6,IM
Cr2Mn11,2,Cr Mn,2 11,1.334461538,0.027307585,1620.692308,238.4896013,1.041420118,0.345856783,0.429323022,6.846153846,0.360801212,1.26E+11,14.43204849,IM
MoSi2,2,Mo Si,1 2,1.223,0.080944358,2090,569.9280656,-31.11111111,1.833239803,0.636514168,4.666666667,0.942809042,1.43E+11,61.2825877,IM
Ni57Zr20Ti13Pd10,4,Ni Zr Ti Pd,57 20 13 10,1.35838,0.105634554,1845.695,158.2619892,-43.378,14.71108738,1.137782583,8.02,2.821276307,1.49E+11,45.42687653,AM
Al3In,2,Al In,3 1,1.464,0.037859034,807.54,218.1171582,5.25,0.757772228,0.562335145,3,0,65332500000,18.47665199,IM
BiCuMg,3,Bi Cu Mg,1 1 1,1.436333333,0.091859055,941.8233333,332.2011887,0.888888889,6.081070947,1.098612289,6,3.741657387,72000000000,48.42175819,IM
AuPb2,2,Au Pb,1 2,1.647333333,0.088137956,846.1833333,347.2931386,1.777777778,0.10475656,0.636514168,6.333333333,3.299831646,1.04E+11,82.02438662,IM
PtAl2,2,Pt Al,1 2,1.417,0.014970503,1302.78,522.2832107,-39.11111111,2.304644324,0.636514168,5.333333333,3.299831646,1.27E+11,72.5962962,IM
Cu46Zr42Al7Y5,4,Cu Zr Al Y,46 42 7 5,1.45148,0.118644069,1673.6271,414.412124,-24.8776,7.394921373,1.057488298,7.1,3.612478374,1.02E+11,36.12964526,AM
ZrTi,2,Zr Ti,50 50,1.5325,0.046003263,2034.5,93.5,0,0,0.693147181,4,0,90416666667,19.58333333,AM
NbMoTaW,4,Nb Mo Ta W,1 1 1 1,1.39725,0.023104619,3157.75,367.7297751,-6.5,2.365110991,1.386294361,5.5,0.5,2.28E+11,52.14163404,SS
AlNi6Ta,3,Al Ni Ta,1 6 1,1.29225,0.061991805,1823.93375,612.1167827,-20.3125,2.714672319,0.73562194,8.5,2.645751311,1.70E+11,35.94092375,IM
B2CoNb,3,B Co Nb,2 1 1,1.08,0.247692541,2303.5,350.0296416,-45.25,9.573115023,1.039720771,5,2.449489743,2.48E+11,72.5861557,IM
TiVCrCuFeMnCoNi,8,Ti V Cr Cu Fe Mn Co Ni,1 1 1 1 1 1 1 1,1.299125,0.055022828,1810.97125,271.7683817,-8.125,7.262852294,2.079441542,7.5,2.291287847,1.53E+11,24.87468593,IM+SS
Sb3Y5,2,Sb Y,3 5,1.625,0.140619088,1463.2925,433.3965189,-63.75,2.057522403,0.661563238,3.75,0.968245837,41375000000,0.484122918,IM
Cu60.3Zr37.2Al2.5,3,Cu Zr Al,60.3 37.2 2.5,1.40275,0.111180044,1633.68806,386.0836289,-22.334172,3.365453925,0.7650988,8.196,3.459130527,1.13E+11,33.69168196,AM
AuCu3,2,Au Cu,1 3,1.319,0.053839335,1352.66,8.850779627,-6.75,0.974278579,0.562335145,11,0,1.60E+11,34.64101615,IM
Cu0.5Ti0.5CrFeCoNiAl0.5,7,Cu Ti Cr Fe Co Ni Al,0.5 0.5 1 1 1 1 0.5,1.286,0.059680175,1746.021818,335.1703134,-10.84297521,7.979873413,1.893788232,7.636363636,2.459590774,1.55E+11,32.32070697,SS
MgNi2,2,Mg Ni,1 2,1.364333333,0.122659618,1459.666667,379.4806392,-3.555555556,0.20951312,0.636514168,7.333333333,3.771236166,1.35E+11,63.63961031,IM
Ni60Nb10Hf5Ti25,4,Ni Nb Hf Ti,60 10 5 25,1.3349,0.084158165,1922.35,329.0637134,-32.96,7.386904088,1.033114088,7.7,2.83019434,1.58E+11,31.55946768,AM
Ti50Ni20Cu25Sn3Be7,5,Ti Ni Cu Sn Be,50 20 25 3 7,1.359295238,0.088739237,1695.138,312.6839823,-20.99229025,9.221529075,1.292961309,6.676190476,3.410055824,1.30E+11,28.95661623,AM
Zr42.63Ti12.37Cu11.25Ni10Be23.75,5,Zr Ti Cu Ni Be,42.63 12.37 11.25 10 23.75,1.4004833,0.142199464,1843.317225,287.4816279,-36.140275,13.33804195,1.439464421,4.9125,3.038065791,1.08E+11,36.57506861,AM
CuNbNiTiZr,5,Cu Nb Ni Ti Zr,1 1 1 1 1,1.4036,0.09258017,1980.954,461.9512144,-21.28,12.72619975,1.609437912,6.8,3.059411708,1.34E+11,40.03470716,AM
Zr46.75Ti8.25Cu7.5Ni10Be27.5,5,Zr Ti Cu Ni Be,46.75 8.25 7.5 10 27.5,1.4006675,0.14876022,1858.60525,282.0054612,-38.92175,12.65995692,1.340849545,4.575,2.836260743,1.06E+11,37.04026754,AM
FeCoNiCrCuAl1.5,6,Fe Co Ni Cr Cu Al,1 1 1 1 1 1.5,1.294307692,0.058925035,1576.15,420.0550125,-7.053254438,6.628184498,1.778233306,7.461538462,2.8720238,1.45E+11,40.12701727,SS
Al0.5CoCrCuFeNiTi1.8 ,7,Al Co Cr Cu Fe Ni Ti,0.5 1 1 1 1 1 1.8,1.316794521,0.072086115,1754.15137,318.8536801,-15.86038656,9.765559584,1.890416484,7.219178082,2.741095548,1.46E+11,32.9025013,IM+SS
Cu60Zr30Ti10,3,Cu Zr Ti,60 30 10,1.3939,0.105535828,1647.162,358.1120907,-18.72,4.413521043,0.897945725,8.2,3.42928564,1.16E+11,31.00235206,AM
Gd36Al24Co20Nd20,4,Gd Al Co Nd,36 24 20 20,1.57024,0.135264301,1407.3928,306.5419455,-27.5584,12.9397767,1.354077539,4.2,2.4,74320000000,55.38427214,AM
Zr38.5Ti16.5Ni9.75Cu15.15Be20,5,Zr Ti Ni Cu Be,38.5 16.5 9.75 15.15 20,1.400487487,0.135289628,1827.55471,292.7136493,-33.2217102,13.37488797,1.500050585,5.246746747,3.192313862,1.10E+11,35.85947473,AM
CoZn,2,Co Zn,1 1,1.323,0.054421769,1230.34,537.66,-5,0,0.693147181,10.5,1.5,1.25E+11,55,IM
B6CaNi11,3,B Ca Ni,6 1 11,1.144555556,0.246821208,1900.611111,345.2749531,-22.13580247,2.913089698,0.827738157,7.222222222,3.48895966,2.18E+11,81.20833215,IM
HfW2,2,Hf W,1 2,1.437333333,0.069202009,3298.666667,560.4999752,-5.333333333,0.314269681,0.636514168,5.333333333,0.942809042,2.43E+11,94.28090416,IM
Ni39.8Cu5.97Ti15.92Zr29.86Al9.95Si0.5,6,Ni Cu Ti Zr Al Si,39.8 5.97 15.92 29.86 9.95 0.5,1.403784118,0.1084412,1778.966798,347.7558731,-43.72846432,14.14411443,1.435963506,6.653333333,3.157906148,1.24E+11,48.21048163,AM
B6Ni21Sb2,3,B Ni Sb,6 21 2,1.163655172,0.151921601,1799.433103,348.2517548,-13.26991677,6.598398972,0.744129541,8.206896552,2.940552497,1.99E+11,70.64217076,IM
CdSn10,2,Cd Sn,1 10,1.615272727,0.009254752,513.1836364,25.62594824,0,0,0.304636097,4.727272727,2.299838298,56545454545,4.599676597,IM
GdHoLaTbY,5,Gd Ho La Tb Y,1 1 1 1 1,1.8058,0.021582588,1590.8,213.2945381,0,0,1.609437912,3,4.44E-16,37140000000,4.685979087,SS
CoCrCuFeNiTi2,6,Co Cr Cu Fe Ni Ti,1 1 1 1 1 2,1.312714286,0.07240603,1818.11,234.143597,-14.04081633,9.481291617,1.747868097,7.428571429,2.610809555,1.50E+11,28.28427125,AM+IM
Cu59.6Zr36.9Al3.5,3,Cu Zr Al,59.6 36.9 3.5,1.403315,0.110629231,1627.13437,390.7105356,-22.589488,3.959848238,0.793650698,8.137,3.481986646,1.12E+11,33.73291929,AM
Cr3Si,2,Cr Si,3 1,1.225,0.033934057,2056.75,213.475262,-27.75,4.005367493,0.562335145,5.5,0.866025404,1.45E+11,25.98076211,IM
Gd50Al24Co20Y6,4,Gd Al Co Y,50 24 20 6,1.6025,0.144709828,1478.5728,316.2233908,-34.4128,8.17905342,1.179773741,4.2,2.4,75700000000,54.39310618,AM
CoCrFeNiNb0.65,5,Co Cr Fe Ni Nb,1 1 1 1 0.65,1.272225806,0.049750744,1994.516129,347.4683126,-12.15400624,6.571834858,1.597084186,7.795698925,1.775333619,1.72E+11,7.73894805,IM+SS
Mg65Cu15Zn10Y10,4,Mg Cu Zn Y,65 15 10 10,1.55205,0.094555407,1052.7835,305.8632314,-6.27,3.464426468,1.025093912,4.45,4.030818775,61350000000,33.91942659,AM
Zr66Al9Cu16Ni9,4,Zr Al Cu Ni,66 9 16 9,1.50348,0.096609903,1861.2555,408.1534332,-32.352,8.234657887,1.000883437,5.57,2.950440645,92190000000,37.20621229,AM
AlCrCuFeMnNi,6,Al Cr Cu Fe Mn Ni,1 1 1 1 1 1,1.299333333,0.053876835,1588.206667,388.5805617,-5.111111111,6.358785763,1.791759469,7.5,2.62995564,1.41E+11,35.09510887,SS
MgNi4Y,3,Mg Ni Y,1 4 1,1.397833333,0.15912221,1605.666667,306.3966202,-16.22222222,6.615544732,0.867563228,7.5,3.547299442,1.34E+11,64.59274125,IM
SmFe6Ti6N,4,Sm Fe Ti N,1 6 6 1,1.341285714,0.168733208,1708.585714,480.0970008,-48.81632653,33.98722387,1.103263499,5.714285714,2.015247997,1.23E+11,51.1446528,IM
Al5Hf4Ni16,3,Al Hf Ni,5 4 16,1.33632,0.09582442,1693.574,471.0794781,-33.4592,5.025943478,0.900724362,7.64,3.160759402,1.48E+11,43.85430424,IM
CuNi2FeCrAl1.5,5,Cu Ni Fe Cr Al,1 2 1 1 1.5,1.293538462,0.059313193,1569.996154,417.484451,-8.047337278,6.771829357,1.56495725,7.615384615,2.975243016,1.45E+11,40.12701727,SS
Ca65Mg15Zn20,3,Ca Mg Zn,65 15 20,1.80355,0.134526416,1001.736,168.439018,-14.26,4.195021692,0.886464476,4,4,31800000000,21.45600149,AM
Cu2Sb,2,Cu Sb,2 1,1.295333333,0.018924114,1206.44,214.0129384,6.222222222,0.366647961,0.636514168,9,2.828427125,1.07E+11,46.19764304,IM
AlTiVYZr,5,Al Ti V Y Zr,1 1 1 1 1,1.523,0.109513125,1796.894,452.7650615,-14.88,13.56092032,1.609437912,3.8,0.748331477,91566666667,40.62533419,AM+IM
Ni57.5Zr24Nb11Al7.5,4,Ni Zr Nb Al,57.5 24 11 7.5,1.36576,0.109887013,1876.83025,422.4791601,-41.7726,9.638342766,1.097774715,7.485,2.956311046,1.45E+11,49.50107743,AM
AlMo0.5NbTa0.5TiZr ,6,Al Mo Nb Ta Ti Zr,1 0.5 1 0.5 1 1 ,1.4645,0.050410248,2169.094,749.7126565,-16.84,10.56443543,1.748067349,4.3,0.9,1.28E+11,56.30871257,IM+SS
Mg2Ni9Y,3,Mg Ni Y,2 9 1,1.3515,0.139676664,1599.75,303.2757615,-10.08333333,5.674648008,0.721463687,8.083333333,3.328120925,1.46E+11,59.04159315,IM
MoNbTiVZr,5,Mo Nb Ti V Zr,1 1 1 1 1,1.4346,0.068534137,2379.6,373.6814686,-2.72,2.102417656,1.609437912,4.8,0.748331477,1.48E+11,54.31492531,SS
Ce70Al10Ni10Cu10,4,Ce Al Ni Cu,70 10 10 10,1.6731,0.141207767,1151.624,216.2864397,-25.12,5.270318396,0.940447989,4.5,3.008321791,55000000000,55.60035971,AM
Mg65Cu15Ag5Pd5Gd10,5,Mg Cu Ag Pd Gd,65 15 5 5 10,1.55345,0.093637487,1115.3645,284.8286036,-13.24,8.15576802,1.09440863,4.3,3.769615365,68050000000,43.47237629,AM
Al0.5NbTa0.8Ti1.5V0.2Zr,6,Al Nb Ta Ti V Zr,0.5 1 0.8 1.5 0.2 1,1.46964,0.049265412,2264.967,654.1848156,-8.6176,8.527177148,1.657193583,4.3,0.640312424,1.27E+11,47.36782781,SS
Be3Nb,2,Be Nb,3 1,1.20325,0.108320651,1857.5,515.2851153,-18.75,2.706329387,0.562335145,2.75,1.299038106,1.40E+11,17.32050808,IM
TiZrNbMoV1.5,5,Ti Zr Nb Mo V,1 1 1 1 1.5,1.423818182,0.070059046,2361.727273,360.7462193,-2.710743802,1.962769907,1.594166699,4.818181818,0.715818898,1.49E+11,51.89886064,SS
FeCrMnNiCo,5,Fe Cr Mn Ni Co,1 1 1 1 1,1.2674,0.032694636,1801.2,214.3281596,-4.16,2.197598689,1.609437912,8,1.414213562,1.62E+11,22.27105745,SS
YGdTbDyLu,5,Y Gd Tb Dy Lu,1 1 1 1 1,1.7786,0.013719577,1727,126.5811992,0,0,1.609437912,3,4.44E-16,41340000000,3.541525095,SS
CuNi2FeCrAl0.4,5,Cu Ni Fe Cr Al,1 2 1 1 0.4,1.265333333,0.03859423,1699.658889,332.3421488,-1.700960219,5.609742251,1.497551163,8.555555556,2.330686329,1.59E+11,27.62178421,SS
Sr36Al24Co20Y20,4,Sr Al Co Y,36 24 20 20,1.729,0.210408066,1315.4328,384.8499013,-12.9088,11.82112013,1.354077539,3.84,2.618090908,66721818182,61.65684605,AM
Al0.5CoCrCuFeNiTi1.6 ,7,Al Co Cr Cu Fe Ni Ti,0.5 1 1 1 1 1 1.6,1.312704225,0.070864333,1748.888028,321.7458568,-15.00495933,9.650810617,1.902991655,7.309859155,2.724906249,1.47E+11,32.79446734,IM+SS
Al0.3CoCrFeNi ,5,Al Co Cr Fe Ni,0.3 1 1 1 1,1.259674419,0.037575522,1806.288605,295.6353907,-7.268793943,3.910516654,1.542613125,7.88372093,1.955425396,1.66E+11,25.85184732,IM+SS
CoCrCuFeMn,5,Co Cr Cu Fe Mn,1 1 1 1 1,1.2738,0.031470329,1727.154,280.5497012,4.16,3.840499967,1.609437912,8.2,1.720465053,1.54E+11,21.54065923,SS
CaCu5,2,Ca Cu,1 5,1.394333333,0.186561732,1317.308333,90.47503715,-7.222222222,2.153250645,0.450561209,9.5,3.354101966,1.20E+11,45.83939354,IM
Cu54Zr27Ti9Be10,4,Cu Zr Ti Be,54 27 9 10,1.36731,0.117564223,1638.4458,340.7397714,-20.8872,7.458442787,1.133234126,7.58,3.747479153,1.18E+11,29.69927398,AM
Al3Yb,2,Al Yb,3 1,1.499,0.077416547,973.1025,68.64550363,-15,2.165063509,0.562335145,3,0,64750000000,19.48557159,IM
CoCuFeNiV,5,Co Cu Fe Ni V,1 1 1 1 1,1.2664,0.022034208,1769.554,262.2786985,-2.24,5.683154054,1.609437912,8.6,2.059126028,1.66E+11,14.96662955,SS
FeCoNiMnMo,5,Fe Co Ni Mn Mo,1 1 1 1 1,1.2902,0.042149755,1944.4,486.2610821,-4,2.505992817,1.609437912,8,1.414213562,1.76E+11,34.98571137,IM+SS
Gd60Cu20Ni10Al10,4,Gd Cu Ni Al,60 20 10 10,1.604,0.153112181,1489.301,213.6890967,-28,6.89492567,1.088899975,5.3,3.522782991,76400000000,52.60266153,AM
FeCoNiCrAlCu,6,Fe Co Ni Cr Al Cu,1 1 1 1 1 1,1.282833333,0.052811306,1629.706667,392.2524055,-4.777777778,6.312506366,1.791759469,7.833333333,2.671869924,1.51E+11,36.21693895,IM+SS
Cu52.5Zr42.5Al5,3,Cu Zr Al,52.5 42.5 5,1.423825,0.110629219,1663.90275,409.1666181,-24.3725,4.790232018,0.851732144,7.625,3.554486601,1.07E+11,34.28590753,AM
Cu54Zr42.5Al3.5,3,Cu Zr Al,54 42.5 3.5,1.421515,0.111504929,1670.26725,400.9733076,-23.8076,4.005775791,0.813732865,7.745,3.531285177,1.08E+11,34.28915069,AM
Pd77.5Cu6Si16.5,3,Pd Cu Si,77.5 6 16.5,1.33255,0.062310989,1776.55995,117.903619,-31.4889,9.297977809,0.663644754,9.07,2.266075903,1.64E+11,30.14365605,AM
Ag5Sn,2,Ag Sn,5 1,1.474166667,0.044241028,1113.288333,271.9990356,-1.666666667,0.496903995,0.450561209,9.833333333,2.608745974,93000000000,15.65247584,IM
Cu60Zr20Hf10Ti10,4,Cu Zr Hf Ti,60 20 10 10,1.3914,0.103280651,1684.962,421.2542965,-17.28,4.79315512,1.088899975,8.2,3.42928564,1.20E+11,27.26617766,AM
AlCoCrFeNiTi1.5,6,Al Co Cr Fe Ni Ti,1 1 1 1 1 1.5,1.324923077,0.074981813,1743.38,374.2863738,-23.90532544,9.651858062,1.778233306,6.461538462,2.560510304,1.43E+11,38.98353468,IM+SS
CaAl2Zn2,3,Ca Al Zn,1 2 2,1.526,0.14784248,873.46,161.8065441,-12.8,6.43341278,1.054920168,6.4,4.586937976,61800000000,22.56014184,IM
AlB12,2,Al B,1 12,0.867076923,0.188079328,2239.19,376.9288967,0,0,0.271189373,3,0,3.01E+11,65.01852262,IM
MgZn2,2,Mg Zn,1 2,1.463666667,0.066346617,769.4533333,108.5738892,-3.555555556,0.20951312,0.636514168,8.666666667,4.714045208,61666666667,11.78511302,IM
B6Ni21Ta2,3,B Ni Ta,6 21 2,1.170551724,0.157962479,1964,438.2922974,-23.25802616,3.900508322,0.744129541,8.206896552,2.940552497,2.10E+11,56.23121962,IM
TaNbVTiAl0.5,5,Ta Nb V Ti Al,1 1 1 1 0.5,1.411777778,0.037375048,2362.385556,705.7475645,-8.395061728,6.213232571,1.58109375,4.555555556,0.684934889,1.51E+11,40.37601048,SS
B6Co2Nb2,3,B Co Nb,6 2 2,1.028,0.253785553,2312.4,313.5816321,-41.44,8.138784184,0.950270539,4.6,2.332380758,2.62E+11,71.10555534,IM
AlCoCrFeNb0.25Ni,6,Al Co Cr Fe Nb Ni,1 1 1 1 0.25 1,1.290714286,0.060986832,1734.851429,458.7655226,-14.65759637,6.407686034,1.724242094,7.095238095,2.467015971,1.54E+11,38.52519275,IM+SS
Ce65Al10Ni10Cu10Nb5,5,Ce Al Ni Cu Nb,65 10 10 10 5,1.6533,0.144722268,1235.574,408.8367668,-19.86,11.5108445,1.120571037,4.6,2.989983278,62400000000,60.36091451,AM
BCr2,2,B Cr,1 2,1.106,0.182850397,2236,79.19595949,-27.55555556,1.623726683,0.636514168,5,1.414213562,2.13E+11,75.42472333,IM
Co0.5Cr0.5Fe0.5NiAlMnV,7,Co Cr Fe Ni Al Mn V,0.5 0.5 0.5 1 1 1 1,1.311727273,0.052998247,1680.54,421.2518006,-16.26446281,6.612621834,1.893788232,6.636363636,2.3845231,1.44E+11,37.81730768,SS
Al13Co4,2,Al Co,13 4,1.389411765,0.055258661,1129.83,353.9930242,-13.67474048,2.25888191,0.545594574,4.411764706,2.545095018,1.00E+11,44.11498031,IM
CoCrCuFeNiTi,6,Co Cr Cu Fe Ni Ti,1 1 1 1 1 1,1.287833333,0.061173418,1797.628333,247.0302357,-8.444444444,8.579811695,1.791759469,8,2.380476143,1.57E+11,24.94438258,IM+SS
Al12Mg17,2,Al Mg,12 17,1.531068966,0.054363704,927.3324138,5.156603838,-1.940546968,0.02928135,0.678209394,2.413793103,0.492512305,57827586207,15.26788147,IM
Al11Ce3,2,Al Ce,11 3,1.516214286,0.106355732,962.9407143,56.43212148,-25.59183673,5.0913908,0.519579839,3,0,64428571429,22.15759878,IM
Cu17Sn3,2,Cu Sn,17 3,1.3293,0.091866716,1229.8665,304.4712303,3.57,1.224754975,0.422709088,9.95,2.49949995,1.28E+11,29.27985656,IM
Ti40Zr25Ni3Cu12Be20,5,Ti Zr Ni Cu Be,40 25 3 12 20,1.40189,0.121747782,1835.1724,262.2115692,-25.8764,11.13837134,1.394605827,4.62,2.71580559,1.10E+11,26.8048231,AM
Ni61Zr27Nb8Al4,4,Ni Zr Nb Al,61 27 8 4,1.36447,0.114571912,1885.9788,356.4442952,-42.07,8.519775241,0.985854077,7.7,2.896549672,1.46E+11,49.72482554,AM
AgTi3,2,Ag Ti,1 3,1.45775,0.005049711,1764.4825,305.7372784,-1.5,0.216506351,0.562335145,5.75,3.031088913,1.08E+11,4.330127019,IM
Fe89Zr5B6,3,Fe Zr B,89 5 6,1.23384,0.106093361,1859.07,141.4774367,-10.8556,5.657060995,0.422306353,7.5,1.431782106,1.74E+11,42.72430596,SS
CrSi2,2,Cr Si,1 2,1.185,0.038189733,1851.333333,232.4024287,-32.88888889,1.937996363,0.636514168,4.666666667,0.942809042,1.20E+11,28.28427125,IM
Zr58.5Nb2.8Cu15.6Ni12.8Al10.3,5,Zr Nb Cu Ni Al,58.5 2.8 15.6 12.8 10.3,1.484119,0.101110103,1851.02353,440.5852339,-34.905488,10.75480229,1.200846125,5.785,3.032618506,98905500000,41.97363839,AM
Al3Mg2,2,Al Mg,3 2,1.4996,0.055209892,929.282,5.129231521,-1.92,0.039191836,0.673011667,2.6,0.489897949,63600000000,15.18683641,IM
NiCoFeCrMo0.3,5,Ni Co Fe Cr Mo,1 1 1 1 0.3,1.254860465,0.02377732,1943.209302,313.6082253,-4.153596539,1.788112226,1.542613125,8.093023256,1.537348268,1.77E+11,16.68918616,SS
Al0.5CoCrCuFeNiV0.8,7,Al Co Cr Cu Fe Ni V,0.5 1 1 1 1 1 0.8,1.275206349,0.040648045,1755.223016,362.1920323,-4.706475183,6.116912468,1.923897003,7.857142857,2.442072649,1.58E+11,27.61740553,IM+SS
Al4(TiVCrCuFeMnCoNi)6,9,Al Ti V Cr Cu Fe Mn Co Ni,6 1 1 1 1 1 1 1 1,1.356071429,0.062761859,1434.899286,480.393691,-18.32653061,7.744333697,1.871160414,5.571428571,2.821202523,1.20E+11,42.27026745,IM+SS
AlCoCr2Cu0.5FeNi,6,Al Co Cr Cu Fe Ni,1 1 2 0.5 1 1,1.278,0.051830718,1735.285385,414.4625896,-7.195266272,5.641018606,1.711845135,7.307692308,2.461538462,1.53E+11,34.7699115,SS
Co1.5Cr2Fe1.5NiAlMn2V ,7,Co Cr Fe Ni Al Mn V,1.5 2 1.5 1 1 2 1,1.293,0.048379564,1761.097,365.5204928,-10.15,5.161710593,1.903686688,6.95,1.961504525,1.50E+11,32.28916227,IM
Al3Ru2,2,Al Ru,3 2,1.3944,0.033025249,1602.882,819.8589138,-20.16,0.411514277,0.673011667,5,2.449489743,1.34E+11,70.54530459,IM
Al2Fe,2,Al Fe,2 1,1.368333333,0.065801411,1225.98,413.6716091,-9.777777778,0.576161081,0.636514168,4.666666667,2.357022604,1.07E+11,44.31202495,IM
CoFeNiVMo0.6,5,Co Fe Ni V Mo,1 1 1 1 0.6,1.276478261,0.034440309,2006,384.069174,-9.527410208,4.470645865,1.592685733,7.739130435,1.87007071,1.80E+11,20.85144141,IM+SS
Au2Pb,2,Au Pb,2 1,1.544666667,0.093996068,1091.756667,347.2931386,1.777777778,0.10475656,0.636514168,8.666666667,3.299831646,1.62E+11,82.02438662,IM
Al5Co2,2,Al Co,5 2,1.380285714,0.059239521,1171.907143,377.0022251,-15.51020408,1.576529096,0.598269589,4.714285714,2.710523709,1.06E+11,46.98241095,IM
AlMnNbTiV,5,Al Mn Nb Ti V,1 1 1 1 1,1.3978,0.039497885,1865.294,612.7950242,-15.52,7.290607656,1.609437912,4.8,1.326649916,1.27E+11,34.28352374,IM
Cr6Fe18Mo5,3,Cr Fe Mo,6 18 5,1.263689655,0.035956752,2074.413793,402.1868255,-1.36979786,0.356364523,0.925073829,7.24137931,0.970430847,1.78E+11,23.93510847,IM
CoCrMnNiV,5,Co Cr Mn Ni V,1 1 1 1 1,1.2824,0.033312919,1875.6,263.6972506,-9.12,4.359192586,1.609437912,7.4,1.854723699,1.60E+11,21.9089023,SS
Sm2Fe17Ni3,3,Sm Fe Ni,2 17 3,1.293409091,0.126309038,1757.331818,133.371222,-2.661157025,3.193049896,0.688917086,7.818181818,1.668869068,1.59E+11,38.52926332,IM
Al0.8CrCuFe1.5MnNi,6,Al Cr Cu Fe Mn Ni,0.8 1 1 1.5 1 1,1.290492063,0.050815514,1626.673968,364.2189321,-3.305618544,5.977947406,1.772346011,7.682539683,2.435357259,1.45E+11,32.96332815,SS
AlRe2,2,Al Re,1 2,1.394,0.019275508,2617.156667,1190.546259,-8,0.471404521,0.636514168,5.666666667,1.885618083,2.72E+11,138.5929291,IM
AlMnSi,3,Al Mn Si,1 1 1,1.311666667,0.089262097,1379.823333,322.9855246,-36.88888889,8.855725171,1.098612289,4.666666667,1.699673171,98666666667,17.98765008,IM
Al18Cr2Mg3,3,Al Cr Mg,18 2 3,1.438130435,0.056489644,1040.498261,351.6752965,-2.449905482,3.440187489,0.669893222,3.130434783,0.946588742,79260869565,26.98665917,IM
Cu5Ce,2,Cu Ce,5 1,1.369166667,0.148889736,1309.975,106.872869,-11.66666667,3.478327965,0.450561209,9.666666667,2.98142397,1.20E+11,43.97600356,IM
Ti50Ni15Cu32Sn3,4,Ti Ni Cu Sn,50 15 32 3,1.37546,0.07656994,1679.3388,330.2197274,-16.5552,7.826990087,1.100957296,7.14,3.349686553,1.29E+11,27.57514098,AM
AlTiVCrCuFeMnCoNi,9,Al Ti V Cr Cu Fe Mn Co Ni,1 1 1 1 1 1 1 1 1,1.313888889,0.06034157,1713.471111,376.4330214,-12.74074074,8.235373015,2.197224577,7,2.581988897,1.44E+11,33.58571125,SS
Al8V5,2,Al V,8 5,1.387384615,0.040676892,1414.058462,607.9016623,-15.14792899,0.41453617,0.666278442,3.769230769,0.973008511,1.08E+11,40.86635745,IM
CrMnFe1.5Ni0.5Al0.5 ,5,Cr Mn Fe Ni Al,1 1 1.5 0.5 0.5,1.288777778,0.051632523,1721.385556,357.0747141,-7.259259259,4.343833393,1.522955068,7,1.825741858,1.47E+11,32.50982757,IM+SS
Ni60Nb15Hf10Ti15,4,Ni Nb Hf Ti,60 15 10 15,1.33905,0.089571724,1991.05,393.4603506,-33.06,8.404168787,1.105889879,7.75,2.772634127,1.61E+11,29.64793416,AM
Al85.5Fe9Ce5.5,3,Al Fe Ce,85.5 9 5.5,1.436425,0.075490316,1020.01185,250.711202,-10.4742,6.045608545,0.510177328,3.45,1.430908802,81490000000,30.42170114,AM
Ni55Nb20Hf5Ti20,4,Ni Nb Hf Ti,55 20 5 20,1.3424,0.082439846,2013.9,408.0392015,-32.74,8.731425256,1.122372129,7.5,2.783882181,1.61E+11,29.40663191,AM
Cu47Ti34Zr11Ni8,4,Cu Ti Zr Ni,47 34 11 8,1.37375,0.086264529,1670.4119,306.8095331,-15.4404,7.281925809,1.166514431,7.77,3.420102338,1.25E+11,27.32836718,AM
FeNi2CrCuAl0.2,5,Fe Ni Cr Cu Al,1 2 1 1 0.2,1.258923077,0.029369486,1729.127692,302.0800404,0.118343195,5.051329363,1.443965014,8.769230769,2.099591394,1.63E+11,22.69230769,SS
FeCoNiCrCuAl0.3,6,Fe Co Ni Cr Cu Al,1 1 1 1 1 0.3,1.263132075,0.034226856,1721.662453,318.9114023,0.156639373,5.187950399,1.735856225,8.471698113,2.142153506,1.61E+11,25.37437732,SS
Ti50Ni24Cu20BSi2Sn3,6,Ti Ni Cu B Si Sn,50 24 20 1 2 3,1.3655,0.090987912,1729.1464,314.3896565,-25.9576,10.7893477,1.240457997,6.83,3.231269101,1.33E+11,36.6696114,AM
Cu9In4,2,Cu In,9 4,1.364769231,0.095366926,1072.225385,428.3169231,8.520710059,0.682749203,0.61724177,8.538461538,3.692307692,1.07E+11,49.23230769,IM
AuSn,2,Au Sn,1 1,1.531,0.05813194,921.205,416.125,-10,0,0.693147181,7.5,3.5,1.39E+11,81,IM
AlNi,2,Al Ni,1 1,1.339,0.069454817,1330.735,397.265,-22,0,0.693147181,6.5,3.5,1.28E+11,52,IM
Al3V,2,Al V,3 1,1.403,0.035801478,1245.8525,541.0623614,-12,1.732050808,0.562335145,3.5,0.866025404,97000000000,36.37306696,IM
CuCoNiCrAl1.8Fe,6,Cu Co Ni Cr Al Fe,1 1 1 1 1.8 1,1.300382353,0.061325834,1547.796471,431.3700794,-8.079584775,6.719232835,1.761332024,7.264705882,2.95365002,1.42E+11,41.72844325,SS
CoCrFeNiAlNb0.5,6,Co Cr Fe Ni Al Nb,1 1 1 1 1 0.5,1.297,0.063318485,1780.994545,495.5926848,-16.52892562,7.034356942,1.767761472,7,2.449489743,1.55E+11,37.78670018,IM+SS
CoCrFeNiAl1.17,5,Co Cr Fe Ni Al,1 1 1 1 1.17,1.288673114,0.060206608,1659.411973,423.4579137,-13.10042688,5.664080751,1.607341859,7.061895551,2.553118222,1.51E+11,41.03274543,SS
HfNbTiZr,4,Hf Nb Ti Zr,1 1 1 1,1.518,0.048723866,2331.25,316.0279853,2.5,1.211919964,1.386294361,4.25,0.433012702,1.15E+11,35.44545399,SS
AlMoNbSiTaTiVZr,8,Al Mo Nb Si Ta Ti V Zr,1 1 1 1 1 1 1 1,1.3985,0.086560415,2226.05875,699.0533575,-32.1875,18.28458169,2.079441542,4.5,0.866025404,1.40E+11,55.20277881,AM
Ni3Sn,2,Ni Sn,3 1,1.3395,0.120900896,1422.27,529.5398934,-3,0.433012702,0.562335145,8.5,2.598076211,1.50E+11,52.82754963,IM
AlCo3.5CrCu0.5FeNi,6,Al Co Cr Cu Fe Ni,1 3.5 1 0.5 1 1,1.2731875,0.047546288,1689.919375,336.3415257,-7.03125,5.451680601,1.574679442,8,2.263846285,1.61E+11,33.82214511,SS
Cu2In,2,Cu In,2 1,1.372,0.096892183,1048.43,437.4728234,8.888888889,0.523782801,0.636514168,8.333333333,3.771236166,1.04E+11,50.28472023,IM
CuMgSb,3,Cu Mg Sb,1 1 1,1.403,0.100931888,1061.516667,209.629642,-5.333333333,5.490732934,1.098612289,6,3.741657387,75666666667,45.50702022,IM
Mg80Ni10Nd10,3,Mg Ni Nd,80 10 10,1.5694,0.069087087,1040.6,254.434353,-4.4,2.602152955,0.63903186,2.9,2.385372088,57200000000,41.11642008,AM
BNi2,2,B Ni,1 2,1.104,0.181900657,1934.666667,292.2708029,-21.33333333,1.257078722,0.636514168,7.666666667,3.299831646,2.27E+11,65.99663291,IM
Al3Ti,2,Al Ti,3 1,1.4395,0.009024231,1185.3525,436.2732875,-22.5,3.247595264,0.562335145,3.25,0.433012702,84500000000,14.72243186,IM
Ca2Mg6Zn3,3,Ca Mg Zn,2 6 3,1.613,0.119248417,895.0945455,142.7980293,-9.123966942,3.618654683,0.994923633,4.727272727,4.453617714,46727272727,17.60728625,IM
CoCrFeNiTi0.5 ,5,Co Cr Fe Ni Ti,1 1 1 1 0.5,1.270666667,0.05331036,1879.444444,171.4436163,-11.55555556,6.887981709,1.58109375,7.777777778,1.930905244,1.66E+11,21.14033066,IM+SS
CoCrCuFeZr0.8 ,5,Co Cr Cu Fe Zr,1 1 1 1 0.8,1.312791667,0.099335677,1837.327083,295.9770822,-9.6875,10.48410138,1.60580651,7.75,2.349645363,1.47E+11,36.73341988,AM+IM
NbCrFeMnCoNi,6,Nb Cr Fe Mn Co Ni,1 1 1 1 1 1,1.294333333,0.054946307,1959.333333,404.1178321,-12,6.620674689,1.791759469,7.5,1.707825128,1.63E+11,20.54804668,IM+SS
Fe3W2,2,Fe W,3 2,1.2914,0.047798623,2564.6,922.9677351,0,0,0.673011667,7.2,0.979795897,2.26E+11,68.5857128,IM
Al3Zr,2,Al Zr,3 1,1.47475,0.050208627,1232.1025,517.2466628,-33,4.763139721,0.562335145,3.25,0.433012702,74708333333,2.237232293,IM
AlCu2Ti,3,Al Cu Ti,1 2 1,1.3625,0.062505012,1397.5025,358.4246911,-12.5,6.099436449,1.039720771,7.25,3.766629793,1.17E+11,26.39602243,IM
Nd60Al10Ni10Cu10Fe10,5,Nd Al Ni Cu Fe,60 10 10 10 10,1.5037,0.115754332,1359.424,233.8568998,-22.12,8.934826243,1.227529411,5,3.130495168,75800000000,59.46730194,AM
Mg6Pd,2,Mg Pd,6 1,1.568714286,0.050412957,1052.292857,316.7015274,-19.59183673,7.141369512,0.410116318,3.142857143,2.799416849,64285714286,47.24015933,IM
Ti53Cu27Ni12Zr3Al7Si3B,7,Ti Cu Ni Zr Al Si B,53 27 12 3 7 3 1,1.377886792,0.086004211,1703.736604,326.9562137,-24.8508366,10.91405203,1.366788232,6.386792453,3.306856099,1.24E+11,33.60189122,AM
FeNiCrMnTi,5,Fe Ni Cr Mn Ti,1 1 1 1 1,1.3096,0.065935799,1835.8,220.0630819,-13.28,7.233544083,1.609437912,7,2,1.48E+11,27.85677655,IM+SS
Cu55Zr40Al5,3,Cu Zr Al,55 40 5,1.4157,0.110505978,1644.647,404.9750764,-23.87,4.759660781,0.845113257,7.8,3.544009029,1.09E+11,34.14176328,AM
Ti50Ni20Cu25Sn5,4,Ti Ni Cu Sn,50 20 25 5,1.3807,0.08076088,1680.7965,359.8618612,-19.61,8.772941482,1.164821377,6.95,3.278337994,1.29E+11,31.35267134,AM
AlNbTaTiV,5,Al Nb Ta Ti V,1 1 1 1 1,1.4138,0.035665443,2219.494,795.005429,-13.44,7.484426498,1.609437912,4.4,0.8,1.43E+11,44.37296474,SS
AlNd,2,Al Nd,1 1,1.536,0.067708333,1113.735,180.265,-38,0,0.693147181,3,0,54000000000,22,IM
Al7Cu3Mg6,3,Al Cu Mg,7 3 6,1.4665,0.080587476,1009.1,167.5617134,-2.484375,0.487781971,1.043353427,4.125,3.333072906,76375000000,33.58920027,IM
Nd60Al10Ni10Cu16Fe4,5,Nd Al Ni Cu Fe,60 10 10 16 4,1.50592,0.113487044,1332.2302,204.241176,-25.2352,8.010368346,1.18898046,5.18,3.374551822,74000000000,56.9912274,AM
CrMo0.5NbTa0.5TiZr ,6,Cr Mo Nb Ta Ti Zr,1 0.5 1 0.5 1 1,1.4279,0.080423557,2418.4,441.1190769,-4.92,3.389900294,1.748067349,4.9,0.830662386,1.45E+11,50.39951499,IM+SS
Ag2Ga3,2,Ag Ga,2 3,1.4132,0.018372906,675.718,456.594686,-4.8,0.09797959,0.673011667,6.2,3.919183588,73600000000,21.55550974,IM
AuBe5,2,Au Be,1 5,1.180333333,0.09914224,1522.888333,82.98420942,0,0,0.450561209,3.5,3.354101966,1.45E+11,33.54101966,IM
Ni60Zr28Nb7Al5,4,Ni Zr Nb Al,60 28 7 5,1.36807,0.115247253,1871.8135,358.8808343,-43.0104,8.479275566,0.99886058,7.62,2.935234233,1.44E+11,50.54545809,AM
Co2V3,2,Co V,2 3,1.29,0.02468478,2017,203.3076487,-13.44,0.274342851,0.673011667,6.6,1.959591794,1.68E+11,9.797958971,IM
Ho35Al24Co20Y21,4,Ho Al Co Y,35 24 20 21,1.5904,0.139546791,1566.8728,356.4402986,-33.9328,10.65387477,1.359569279,4.2,2.4,76850000000,53.60342806,AM
Pt5Al3,2,Pt Al,5 3,1.403875,0.015518142,1625.92625,536.3743048,-41.25,1.331338025,0.661563238,7.375,3.388860428,1.72E+11,74.55492941,IM
Cu54Ni6Zr22Ti18,4,Cu Ni Zr Ti,54 6 22 18,1.3807,0.099427646,1654.4158,334.6187713,-18.0096,7.428526763,1.143316977,8.14,3.388273897,1.22E+11,31.28320902,AM
FeNi2CrCuAl0.8,5,Fe Ni Cr Cu Al,1 2 1 1 0.8,1.276827586,0.049557717,1646.818276,374.8702879,-4.613555291,6.27048773,1.549620069,8.172413793,2.653156422,1.54E+11,34.00356699,SS
AlCu2Mn,3,Al Cu Mn,1 2 1,1.3345,0.047586315,1292.0025,217.2119625,-3.25,4.765189529,1.039720771,8,3.31662479,1.19E+11,26.13426869,IM
Ti2CrCuFeCoNi,6,Ti Cr Cu Fe Co Ni,2 1 1 1 1 1,1.312714286,0.07240603,1818.11,234.143597,-14.04081633,9.481291617,1.747868097,7.428571429,2.610809555,1.50E+11,28.28427125,IM
Au3In2,2,Au In,3 2,1.4892,0.038818129,974.298,444.6215802,-10.56,0.215555097,0.673011667,7.8,3.919183588,1.45E+11,91.44925006,IM
Al2Li3Si2,3,Al Li Si,2 3 2,1.389571429,0.110750648,943.1442857,510.6755084,6.530612245,11.58595594,1.078992208,2.428571429,1.293626448,55000000000,39.16995933,IM
Cu2GeLi,3,Cu Ge Li,2 1 1,1.32875,0.083485233,1095.1575,375.1411477,-16.875,6.375995633,1.039720771,6.75,4.380353867,72750000000,67.36235967,IM
CrNbTiVZr,5,Cr Nb Ti V Zr,1 1 1 1 1,1.4118,0.08678228,2236.4,271.5986745,-4.64,3.054020301,1.609437912,4.8,0.748331477,1.34E+11,37.98391472,IM+SS
Ag5Cd8,2,Ag Cd,5 8,1.520692308,0.039350514,840.6469231,311.7081415,-1.893491124,0.051817021,0.666278442,11.61538462,0.486504255,64307692308,28.21724681,IM
Al9Mn11,2,Al Mn,9 11,1.3869,0.02941415,1255.5115,291.297497,-18.81,0.094523807,0.688138814,5.2,1.989974874,1.00E+11,21.88972362,IM
B4Fe4Nd,3,B Fe Nd,4 4 1,1.098222222,0.251152365,1992.222222,353.5834894,-30.02469136,8.277252404,0.964962923,5.222222222,2.484519975,2.21E+11,97.36985616,IM
Ni50Nb20Hf5Ti25,4,Ni Nb Hf Ti,50 20 5 25,1.3532,0.082227802,2024.55,403.1889724,-33.14,9.625171219,1.164821377,7.2,2.821347196,1.57E+11,31,AM
Ni60Zr27Nb8Al5,4,Ni Zr Nb Al,60 27 8 5,1.36633,0.114185823,1878.0335,368.5275633,-42.4704,8.718633256,1.011860276,7.63,2.924568344,1.45E+11,50.08005466,AM
Mg70Ni15Nd15,3,Mg Ni Nd,70 15 15,1.5536,0.083639826,1099.4,294.504567,-6.9,3.601989034,0.818808456,3.35,2.815581645,63300000000,49.23626712,AM
Zr41Ti14Cu12.5Ni10Be22.5,5,Zr Ti Cu Ni Be,41 14 12.5 10 22.5,1.40006,0.139805008,1837.74125,288.7779418,-35.148,13.43727923,1.466622078,5.025,3.094248697,1.09E+11,36.34278451,AM
AlCrMoSiTi,5,Al Cr Mo Si Ti,1 1 1 1 1,1.3318,0.08678293,1927.494,639.9791623,-34.08,14.82886914,1.609437912,4.6,1.2,1.35E+11,54.73719028,IM
CoCr2FeNiAl0.3,5,Co Cr Fe Ni Al,1 2 1 1 0.3,1.257660377,0.034061991,1876.800189,303.7906574,-6.920612318,3.359405582,1.474291251,7.528301887,1.909299719,1.65E+11,23.39470476,IM+SS
AlCoCrCuFe0.5Ni,6,Al Co Cr Cu Fe Ni,1 1 1 1 0.5 1,1.286636364,0.054035009,1613.225455,405.6967283,-5.553719008,6.48975044,1.767761472,7.818181818,2.790183501,1.49E+11,37.35113704,SS
Cu2Ti,2,Cu Ti,2 1,1.339333333,0.064762393,1552.18,274.9372587,-8,0.471404521,0.636514168,8.666666667,3.299831646,1.30E+11,14.14213562,IM
Cu3Sb,2,Cu Sb,3 1,1.291,0.017441255,1244.2725,196.5834365,5.25,0.757772228,0.562335145,9.5,2.598076211,1.16E+11,42.43524479,IM
AlCe1,2,Al Ce,1 1,1.6285,0.120663187,1002.235,68.765,-38,0,0.693147181,3,0,49000000000,27,IM
Al45Cr7,2,Al Cr,45 7,1.407365385,0.044380905,1101.272115,425.4560153,-4.659763314,1.82268844,0.395067121,3.403846154,1.023936886,87307692308,28.6702328,IM
Co43Fe20Ta5.5B31.5,4,Co Fe Ta B,43 20 5.5 31.5,1.12308,0.186632352,2043.01,397.6328959,-26.5718,8.474458371,1.20820046,6.69,2.661559693,2.23E+11,65.95271033,AM
Gd40Al24Co20Y16,4,Gd Al Co Y,40 24 20 16,1.6026,0.144754321,1499.8728,329.6313723,-34.3168,10.30763721,1.324124835,4.2,2.4,76000000000,54.19225037,AM
AuPb3,2,Au Pb,1 3,1.673,0.07971782,784.79,319.0091177,1.5,0.216506351,0.562335145,5.75,3.031088913,89500000000,75.34421013,IM
Al6CoMn,3,Al Co Mn,6 1 1,1.399125,0.044375959,1110.9775,313.6906122,-14.5625,2.262942917,0.73562194,4.25,2.222048604,94500000000,35.38007914,IM
La55Al25Ni5Cu10Co5,5,La Al Ni Cu Co,55 25 5 10 5,1.6441,0.16166711,1200.0945,224.3792294,-32.31,7.956107151,1.205215677,4.45,2.923610781,66400000000,51.6356466,AM
BFe14Nd2,3,B Fe Nd,1 14 2,1.263176471,0.134029966,1781.764706,218.0686695,-6.006920415,6.075547782,0.578325287,7.117647059,1.906100205,1.63E+11,59.2373678,IM
Al2Sm,2,Al Sm,2 1,1.558,0.114371572,1070.696667,194.0678131,-33.77777778,1.990374643,0.636514168,3,0,63333333333,17.91337179,IM
Sr46Al14Co20Y21,4,Sr Al Co Y,46 14 20 20,1.801,0.204941992,1327.0858,374.7393136,-4.6048,11.10199212,1.276234208,3.74,2.666908322,60311212121,63.65902888,AM
Ca6.23Mg3.78Sn7,3,Ca Mg Sn,6.23 3.78 7,1.746164609,0.100146686,821.3374486,273.9374307,-32.37555251,11.42854752,1.06750262,2.823045267,0.984218991,40094650206,18.23811672,IM
Pd75Si25,2,Pd Si,75 25,1.3195,0.072852459,1792.7875,61.0764416,-41.25,5.953924651,0.562335145,8.5,2.598076211,1.60E+11,34.64101615,AM
Cd3Cu4,2,Cd Cu,3 4,1.402285714,0.10234204,1030.534286,377.8592555,5.87755102,0.06059653,0.682908105,11.42857143,0.494871659,98000000000,48.49742261,IM
TiZrHfCuNi,5,Ti Zr Hf Cu Ni,1 1 1 1 1,1.4334,0.103363704,1932.154,384.5332169,-27.36,13.31702069,1.609437912,6.6,3.2,1.22E+11,36.31498007,AM
CuGeLi2,3,Cu Ge Li,1 1 2,1.389,0.094090991,869.1375,418.658151,-22.625,8.012014903,1.039720771,4.25,4.08503366,40500000000,57.62161053,IM
HoDyYGdTb,5,Ho Dy Y Gd Tb,1 1 1 1 1,1.7848,0.008091442,1689.2,77.05686212,0,0,1.609437912,3,4.44E-16,39740000000,1.212600511,SS
La55Al25Ni10Cu10,4,La Al Ni Cu,55 25 10 10,1.64385,0.161917819,1198.0945,219.4320318,-33.6,7.606589249,1.135900959,4.5,3.008321791,66400000000,51.6356466,AM
Cr55Co24Nb7B14,4,Cr Co Nb B,55 24 7 14,1.20202,0.133699616,2144.54,257.2460075,-19.7604,7.83184931,1.132722278,6.23,1.853941747,1.88E+11,53.93134525,AM
Al16Ru8Ti6,3,Al Ru Ti,16 8 6,1.412933333,0.032989908,1581.250667,728.1878816,-33.92,5.456818446,1.009613758,4.533333333,2.12498366,1.21E+11,60.97343684,IM
Cu0.5NiCoFeAl0.5Cr,6,Cu Ni Co Fe Al Cr,0.5 1 1 1 0.5 1,1.2684,0.043697561,1726.524,345.5303732,-4.6,5.437425862,1.748067349,8,2.28035085,1.60E+11,30.42104535,SS
Mg2Ni,2,Mg Ni,2 1,1.482666667,0.112870012,1191.333333,379.4806392,-3.555555556,0.20951312,0.636514168,4.666666667,3.771236166,90000000000,63.63961031,IM
Al0.5CoCrCuFeNiTi1.0 ,7,Al Co Cr Cu Fe Ni Ti,0.5 1 1 1 1 1 1.0,1.298923077,0.065347465,1731.154615,330.6884492,-11.59763314,9.006469181,1.925121191,7.615384615,2.646869313,1.50E+11,32.19320374,IM+SS
BCaNi4,3,B Ca Ni,1 1 4,1.296666667,0.263224514,1729.166667,355.940265,-16.22222222,4.135065348,0.867563228,7.5,3.547299442,1.76E+11,87.63640162,IM
Al2Zr3,2,Al Zr,2 3,1.5346,0.054589176,1650.188,585.1977965,-42.24,0.862220389,0.673011667,3.6,0.489897949,72900000000,2.531139401,IM
BIn2Ni7,3,B In Ni,1 2 7,1.2662,0.152853149,1530.35,580.0561094,-4.16,6.533566254,0.801818553,7.9,3.207802986,1.65E+11,77.63559895,IM
La55Al25Ni5Cu15,4,La Al Ni Cu,55 25 5 15,1.64545,0.160356368,1179.583,187.1965872,-31.93,7.898110185,1.109738552,4.55,3.106042498,64400000000,47.83137046,AM
Cu11In9,2,Cu In,11 9,1.4049,0.099859939,940.161,461.6841207,9.9,0.049749372,0.688138814,7.4,3.979949748,91998500000,53.06765496,IM
Ni40Cu6Ti16Zr28Al10,5,Ni Cu Ti Zr Al,40 6 16 28 10,1.40104,0.107382417,1772.4132,348.4802935,-42.8112,13.81818802,1.415222868,6.72,3.168848371,1.25E+11,48.17613517,AM
Tb36Al24Co20Y20,4,Tb Al Co Y,36 24 20 20,1.59544,0.141642517,1523.8728,338.6670153,-34.5664,10.76440009,1.354077539,4.2,2.4,76372000000,53.93446038,AM
Cu0.5NiCoCrAl0.5Fe3.5,6,Cu Ni Co Cr Al Fe,0.5 1 1 1 0.5 3.5,1.259266667,0.037372801,1754.682667,284.921007,-2.577777778,4.446064149,1.522699926,8,1.861898673,1.63E+11,25.31789003,SS
CuAlNiCoCrFeSi,7,Cu Al Ni Co Cr Fe Si,1 1 1 1 1 1 1,1.264285714,0.061258363,1637.891429,363.7081427,-18.85714286,11.62196071,1.945910149,7.285714286,2.813959372,1.44E+11,37.98388488,SS
Cu0.5NiAlCoCrFe,6,Cu Ni Al Co Cr Fe,0.5 1 1 1 1 1,1.283272727,0.055127965,1654.428182,400.6439315,-7.933884298,6.17851619,1.767761472,7.545454545,2.606412943,1.52E+11,37.66840972,AM
B6Ni20Ti3,3,B Ni Ti,6 20 3,1.180206897,0.165267647,1878.310345,248.256278,-28.65160523,4.939410257,0.81691517,7.931034483,3.095391842,2.02E+11,63.95413041,IM
Ni61Al11Ni8Co5Cu15,5,Nd Al Ni Co Cu,61 11 8 5 15,1.51185,0.110637097,1322.3272,201.0170355,-22.5536,9.915696617,1.1807339,5.06,3.328122594,72280000000,56.45884873,AM
Mg60Cu29Y10Si,4,Mg Cu Y Si,60 29 10 1,1.52295,0.114128758,1144.3233,297.3344804,-7.2164,4.045657299,0.941789149,4.73,4.022076578,72700000000,43.37983402,AM
Cu4Ti3,2,Cu Ti,4 3,1.356857143,0.067108307,1607.725714,288.6239979,-8.816326531,0.090894795,0.682908105,8,3.464101615,1.27E+11,14.84614978,IM
Cu4In,2,Cu In,4 1,1.3344,0.084532374,1172.166,371.208,6.4,1.44,0.500402424,9.4,3.2,1.19E+11,42.668,IM
Cu43Zr43Al7Ag7,4,Cu Zr Al Ag,43 43 7 7,1.44022,0.104648958,1650.6691,427.7474218,-24.6744,7.266321097,1.098110666,7.43,3.57842144,1.03E+11,32.94310461,AM
Co2Mo0.5Ni2VW0.5,5,Co Mo Ni V W,2 0.5 2 1 0.5,1.279166667,0.035703416,2078.416667,590.2161268,-8.944444444,4.547543108,1.445185879,8.166666667,1.950783318,1.92E+11,39.33474574,IM+SS
Al0.5CoCrCu0.5FeNi2 ,6,Al Co Cr Cu Fe Ni,0.5 1 1 0.5 1 2,1.264666667,0.04054888,1726.77,315.4251125,-5.194444444,5.240246365,1.676234939,8.333333333,2.211083194,1.63E+11,28.7923601,IM+SS
CoFeMnNiV,5,Co Fe Mn Ni V,1 1 1 1 1,1.2808,0.034408139,1801.8,215.3893219,-8.96,4.304862367,1.609437912,7.8,1.720465053,1.62E+11,22.27105745,SS
Ag7Sb,2,Ag Sb,7 1,1.430625,0.026584657,1193.53625,109.5175683,-1.75,0.744117556,0.376770161,10.25,1.984313483,92750000000,19.18169701,IM
AgZn3,2,Ag Zn,1 3,1.4075,0.015382334,828.2425,234.8011376,-3,0.433012702,0.562335145,11.75,0.433012702,77500000000,12.99038106,IM
Sr40Al20Co20Y20,4,Sr Al Co Y,40 20 20 20,1.7578,0.209138042,1320.094,380.8806629,-9.76,11.63030249,1.33217904,3.8,2.638181192,64157575758,62.54431861,AM
CaAlZn,3,Ca Al Zn,1 1 1,1.601,0.165893148,913.7166667,172.9762821,-18.22222222,6.556810928,1.098612289,5.666666667,4.496912521,54333333333,26.51205177,IM
Ce65Al12.5Ni12.5Cu10,4,Ce Al Ni Cu,65 12.5 12.5 10,1.6488,0.148668041,1164.61075,236.1803726,-28.135,5.823898958,1.03012779,4.675,3.117591218,60300000000,58.39957192,AM
Cu4MgSn,3,Cu Mg Sn,4 1 1,1.388833333,0.112927833,1143.193333,326.5594162,0.777777778,2.922876986,0.867563228,8.333333333,3.815174381,1.11E+11,41.88774682,IM
Cu16Mg6Si7,3,Cu Mg Si,16 6 7,1.314655172,0.11787283,1347.286897,255.2692628,-16.68489893,5.140500651,0.997180402,7.448275862,3.996431226,1.11E+11,37.34102251,IM
TiCrFeMnCoNi,6,Ti Cr Fe Mn Co Ni,1 1 1 1 1 1,1.299833333,0.062927534,1824.5,202.4720145,-13.44444444,7.514321032,1.791759469,7.333333333,1.972026594,1.53E+11,28.08716591,IM+SS
Al6CuMg4,3,Al Cu Mg,6 1 4,1.479454545,0.06856518,968.2354545,123.2786823,-2.181818182,0.312960268,0.916464886,3.363636364,2.459590774,70545454545,26.30714952,IM
Al4In3Sn3,3,Al In Sn,4 3 3,1.5268,0.052932165,653.837,230.1758772,5.28,1.749477636,1.088899975,3.3,0.458257569,57799000000,17.66754847,IM
NbTiV2Zr,4,Nb Ti V Zr,1 1 2 1,1.4252,0.074805076,2237,271.4767025,-1.28,1.500207986,1.33217904,4.6,0.489897949,1.34E+11,37.98391472,SS
CoCrFeNi,4,Co Cr Fe Ni,1 1 1 1,1.24675,0.003021159,1871.75,180.3723579,-3.75,1.636975107,1.386294361,8.25,1.479019946,1.73E+11,8.291561976,SS
AlCoCu,3,Al Co Cu,7 1 2,1.3831,0.054240906,1101.783,278.0662945,-5.4,4.272797678,0.801818553,5.2,3.4,99200000000,36.91287038,IM
CuNiCoFeMn,5,Cu Ni Co Fe Mn,1 1 1 1 1,1.2732,0.031789341,1636.754,171.8203075,1.76,3.595864291,1.609437912,9,1.414213562,1.58E+11,24,SS
Ti45Cu25Ni15Sn3Be7Zr5,6,Ti Cu Ni Sn Be Zr,45 25 15 3 7 5,1.37201,0.09479659,1702.8449,329.9886573,-21.198,9.756478121,1.431601604,6.51,3.410263919,1.26E+11,29.89304355,AM
CuTiZn,3,Cu Ti Zn,1 1 1,1.378333333,0.055165568,1330.483333,509.9896255,-10.22222222,4.086009453,1.098612289,9,3.559026084,1.07E+11,28.67441756,IM
CoFeNi2V0.5Nb0.75,5,Co Fe Ni V Nb,1 1 2 0.5 0.75,1.278809524,0.050580504,1940.761905,353.9463108,-15.90929705,7.629715384,1.501283464,8.238095238,1.94947519,1.75E+11,6.632565846,IM+SS
Mg65Cu7.5Ni7.5Zn5Ag5Y10,6,Mg Cu Ni Zn Ag Y,65 7.5 7.5 5 5 10,1.55215,0.096142622,1107.66325,336.0553703,-7.35,4.0436619,1.198380707,4.325,3.823529129,65850000000,42.34533622,AM
B6Co21Sb2,3,B Co Sb,6 21 2,1.167275862,0.152900334,1828.398621,342.7254158,-12.6706302,6.937889802,0.744129541,7.482758621,2.499940546,1.99E+11,70.64217076,IM
B2Mo2Ni,3,B Mo Ni,2 2 1,1.1224,0.223251437,2443.2,433.5188116,-31.68,7.369394005,1.054920168,5.6,2.576819745,2.56E+11,55.35341001,IM
Ca7Mg6Si14,3,Ca Mg Si,7 6 14,1.465925926,0.238544475,1368.925926,336.6965802,-40.79012346,10.43796088,1.024772774,3.037037037,0.999313894,66259259259,36.32935003,IM
Gd46Al24Co20Y20,4,Gd Al Co Y,36 24 20 20,1.60264,0.144772104,1508.3928,334.4646749,-34.2784,10.73691002,1.354077539,4.2,2.4,76120000000,54.11123358,AM
Ni45Ti20Zr25Al10,4,Ni Ti Zr Al,45 20 25 10,1.39705,0.105775239,1791.147,328.9590377,-45.41,11.99027832,1.258048145,6.6,3.088689042,1.28E+11,48.6714688,AM
Al0.5CoCrCuFeNiTi2.0 ,7,Al Co Cr Cu Fe Ni Ti,0.5 1 1 1 1 1 2.0,1.320666667,0.073088923,1759.134,316.010605,-16.60444444,9.84353366,1.876273584,7.133333333,2.753583524,1.45E+11,32.97568128,IM+SS
AlCrTiVZr,5,Al Cr Ti V Zr,1 1 1 1 1,1.4124,0.086809189,1873.094,478.061623,-20.32,9.750372301,1.609437912,4.4,1.019803903,1.15E+11,38.84848059,IM
FeNi2CrCuAl,5,Fe Ni Cr Cu Al,1 2 1 1 1,1.282,0.053170061,1623.04,390.17978,-5.777777778,6.473169273,1.560710409,8,2.768874621,1.51E+11,36.21693895,SS
Cu58.7Zr36.3Al3.5,3,Cu Zr Al,58.7 36.3 3.5,1.403243655,0.110590443,1626.544609,390.8810396,-22.59446211,3.988826902,0.794931001,8.136040609,3.482774225,1.12E+11,33.73060193,AM
AlCoCrFeNi,5,Al Co Cr Fe Ni,1 1 1 1 1,1.2838,0.057778896,1684.094,408.517377,-12.32,5.504703443,1.609437912,7.2,2.481934729,1.53E+11,39.30597919,IM+SS
CoCrCuFeNiZr ,6,Co Cr Cu Fe Ni Zr,1 1 1 1 1 1,1.311333333,0.099876652,1828.795,273.5280183,-14.44444444,12.00702812,1.791759469,8,2.380476143,1.50E+11,38.00711637,AM+IM
CoCrCuFeMnNi,6,Co Cr Cu Fe Mn Ni,1 1 1 1 1 1,1.269166667,0.029966526,1727.295,256.1058605,1.444444444,3.868464886,1.791759469,8.5,1.707825128,1.58E+11,21.9215774,SS
Al11Mn4,2,Al Mn,11 4,1.410133333,0.025715132,1089.611333,258.9311085,-14.86222222,1.829794181,0.579915171,4.066666667,1.768866555,87733333333,19.4575321,IM
Ce68Al10Fe2Cu20,4,Ce Al Fe Cu,68 10 2 20,1.66462,0.142649688,1129.401,160.8731795,-21.5568,6.33091158,0.892637039,4.7,3.226453161,53960000000,49.93033547,AM
Al3Zr4,2,Al Zr,3 4,1.529714286,0.055319516,1616.058571,591.1390432,-43.10204082,0.444374551,0.682908105,3.571428571,0.494871659,73047619048,2.556836906,IM
Al9Co2,2,Al Co,9 2,1.399090909,0.049897204,1085.202727,321.8737211,-11.30578512,2.96761719,0.474139313,4.090909091,2.314167648,94909090909,40.11223922,IM
CdIn3Na2,3,Cd In Na,1 3 2,1.660333333,0.083774199,437.535,74.85591977,-4,1.247219129,1.011404265,3.833333333,3.760171391,25765000000,14.10103631,IM
Mg65Cu25Y10,3,Mg Cu Y,65 25 10,1.54035,0.10557074,1119.2925,292.3407133,-5.71,2.798747086,0.856840995,4.35,3.850649296,68350000000,41.38390388,AM
CrCuFeMoNi,5,Cr Cu Fe Mo Ni,1 1 1 1 1,1.2754,0.035802288,1994.554,521.0051973,4.64,5.452250911,1.609437912,8.2,2.039607805,1.76E+11,30.06659276,SS
FeNiCoSiCrAlTi,7,Fe Ni Co Si Cr Al Ti,1 1 1 1 1 1 1,1.290571429,0.080766107,1721.21,356.7308293,-35.02040816,14.60115913,1.945910149,6.285714286,2.547507786,1.39E+11,39.80975165,SS
Cu3MgSi,3,Cu Mg Si,3 1 1,1.3176,0.113647474,1336.662,242.9772037,-14.72,4.875525818,0.950270539,7.8,3.969886648,1.13E+11,37.36308338,IM
Al1.2CrCuFeNi2,5,Al Cr Cu Fe Ni,1.2 1 1 1 2,1.28683871,0.056031122,1600.795806,402.7075973,-6.784599376,6.622239813,1.565665384,7.838709677,2.863527874,1.49E+11,38.01253969,IM+SS
AlCo,2,Al Co,1 1,1.3415,0.067461796,1350.735,417.265,-19,0,0.693147181,6,3,1.28E+11,52,IM
Al21Cu2Mn3,3,Al Cu Mn,21 2 3,1.410692308,0.032839485,1033.669615,208.2489345,-7.189349112,4.060946539,0.618977214,4.076923077,2.368431434,86000000000,20.93947321,IM
Ni45Ti20Zr27Al8,4,Ni Ti Zr Al,45 20 27 8,1.40047,0.107461264,1815.0376,308.5457662,-45.3036,12.05733543,1.236794334,6.62,3.068484968,1.28E+11,48.78775948,AM
Zr70Pd30,2,Zr Pd,70 30,1.5346,0.068084664,2038.015,137.454358,-76.44,6.672230212,0.610864302,5.8,2.749545417,1.04E+11,50.02645134,AM
CuNiCoFe,4,Cu Ni Co Fe,1 1 1 1,1.254,0.011403788,1666.1925,180.4706241,5,3.31662479,1.386294361,9.5,1.118033989,1.68E+11,16.39359631,SS
Cu0.5NiCoCrAl0.5Fe2,6,Cu Ni Co Cr Al Fe,0.5 1 1 1 0.5 2,1.263833333,0.040841549,1740.603333,316.9918566,-3.527777778,4.97516175,1.676234939,8,2.081665999,1.61E+11,28.03965446,SS
CrNbTiZr ,4,Cr Nb Ti Zr,1 1 1 1,1.43575,0.087813408,2249.75,302.1856838,-5,3.640054945,1.386294361,4.75,0.829156198,1.28E+11,39.93647299,IM+SS
TaNbVTiAl0.25,5,Ta Nb V Ti Al,1 1 1 1 0.25,1.410588235,0.038324397,2446.439412,632.6195641,-4.816608997,4.845719771,1.52846571,4.647058824,0.588235294,1.55E+11,37.13325858,SS
Ni40Cu5Ti17Zr28Al10,5,Ni Cu Ti Zr Al,40 5 17 28 10,1.40288,0.106962588,1778.2455,346.3660267,-43.254,13.70253256,1.404224468,6.65,3.150793551,1.25E+11,48.1778995,AM
Cu58.1Zr35.9Al6,3,Cu Zr Al,58.1 35.9 6,1.403915,0.109164109,1608.82457,400.9385353,-23.119748,5.143006936,0.852061678,8.007,3.531706528,1.11E+11,33.7817893,AM
Ni57.5Zr35Al7.5,3,Ni Zr Al,57.5 35 7.5,1.3849,0.120628776,1808.41025,311.2555795,-47.86,5.430658731,0.879904293,7.375,3.063392727,1.34E+11,53.53045538,AM
CoCrFeNiAl0.25,5,Co Cr Fe Ni Al,1 1 1 1 0.25,1.257647059,0.034780138,1816.557059,281.7101061,-6.75432526,3.681676519,1.52846571,7.941176471,1.893350228,1.67E+11,24.08864828,SS
TiZrNbMo,4,Ti Zr Nb Mo,1 1 1 1,1.46425,0.059880115,2428.75,403.0740472,-2.5,2.443102536,1.386294361,4.75,0.829156198,1.45E+11,60.36456086,SS
Al85.8Ni9.1Y5.1,3,Al Ni Y,85.8 9.1 5.1,1.433944,0.070176939,1049.91426,286.5192425,-14.097564,5.58586201,0.501293639,3.637,2.013263768,83679000000,31.42871233,AM
Al2CrCuFeNi2,5,Al Cr Cu Fe Ni,2 1 1 1 2,1.303428571,0.062974937,1524.53,434.415668,-9.632653061,6.883381307,1.549826046,7.285714286,3.103651569,1.40E+11,42.58005665,IM
NaZn13,2,Na Zn,1 13,1.428,0.083321563,669.6935714,82.87874685,1.591836735,1.13527562,0.257318641,11.21428571,2.832933145,65450000000,16.4052583,IM
W6Fe7,2,W Fe,6 7,1.299153846,0.048349418,2680.538462,939.2088828,0,0,0.690185676,7.076923077,0.997037031,2.35E+11,69.79259214,IM
Ni61Zr27Nb7Al5,4,Ni Zr Nb Al,61 27 7 5,1.3645,0.114578677,1867.8135,358.2317145,-42.4148,8.322971128,0.990975569,7.68,2.921917179,1.45E+11,50.14077059,AM
CuMg2,2,Cu Mg,1 2,1.493333333,0.101962272,1067.923333,204.9525435,-2.666666667,0.15713484,0.636514168,5,4.242640687,76666666667,44.78342948,IM
Cu3Ti2,2,Cu Ti,3 2,1.3516,0.066692233,1591.062,285.7231805,-8.64,0.176363261,0.673011667,8.2,3.42928564,1.28E+11,14.69693846,IM
TiZrNbMoV0.5,5,Ti Zr Nb Mo V,1 1 1 1 0.5,1.447777778,0.065542048,2401.444444,387.7903532,-2.666666667,2.259562821,1.58109375,4.777777778,0.785674201,1.47E+11,57.10178504,SS
AuGa2,2,Au Ga,1 2,1.408666667,0.016732295,647.7166667,487.6302644,-16.88888889,0.995187322,0.636514168,5.666666667,3.771236166,1.11E+11,77.31034141,IM
Al86Y4.5Ni8La1.5,4,Al Y Ni La,86 4.5 8 1.5,1.440475,0.075581826,1039.8742,271.8494351,-14.4736,5.811229483,0.534310728,3.56,1.899052395,82025000000,30.30947665,AM
MnCrFe1.5Ni0.5Al0.3,5,Mn Cr Fe Ni Al,1 1 1.5 0.5 0.3,1.282116279,0.047027487,1758.032791,321.2705198,-5.505678745,3.755528221,1.481770318,7.186046512,1.646077988,1.51E+11,29.29789557,SS
Cu3Ge,2,Cu Ge,3 1,1.2685,0.012971606,1321.1775,63.38006918,-8.625,1.244911518,0.562335145,9.25,3.031088913,1.05E+11,60.62177826,IM
FeCoNi,3,Fe Co Ni,1 1 1,1.246,0.003276471,1769,33.89198529,-1.333333333,0.509175077,1.098612289,9,0.816496581,1.77E+11,4.714045208,SS
Al8Mn5,2,Al Mn,8 5,1.400461538,0.028485858,1158.673846,284.8628367,-17.98816568,0.492261702,0.666278442,4.538461538,1.946017022,92923076923,21.40618724,IM
Zr57Nb5Cu15.4Ni12.6Al10,5,Zr Nb Cu Ni Al,57 5 15.4 12.6 10,1.482168,0.100440875,1870.63158,455.3208137,-33.612016,11.42411164,1.249562163,5.784,3.008212758,1.01E+11,42.89271043,AM
ZrHfTiCuCo,5,Zr Hf Ti Cu Co,1 1 1 1 1,1.4344,0.102415552,1940.154,380.598648,-23.52,11.38775483,1.609437912,6.4,3.006659276,1.22E+11,36.31498007,AM
Cu50Zr45Al5,3,Cu Zr Al,50 45 5,1.43195,0.110454894,1683.1585,412.4175825,-24.76,4.810342607,0.855688667,7.45,3.55633238,1.06E+11,34.34249372,AM
Cd3Mg,2,Cd Mg,3 1,1.57625,0.009065452,676.415,142.3659161,-4.5,0.649519053,0.562335145,9.5,4.330127019,42750000000,1.299038106,IM
Ce57Al10Ni12.5Cu15.5Nb5,5,Ce Al Ni Cu Nb,57 10 12.5 15.5 5,1.60874,0.158234464,1267.77135,413.3127158,-22.0584,11.49066679,1.249354274,5.215,3.367309757,72840000000,63.88125234,AM
Al4Cu3,2,Al Cu,4 3,1.366,0.055790802,1115.312857,209.974045,-0.979591837,0.010099422,0.682908105,6.428571429,3.958973274,1.03E+11,31.6717862,IM
AlNb1.5Ta0.5Ti1.5Zr0.5,5,Al Nb Ta Ti Zr,1 1.5 0.5 1.5 0.5,1.457,0.034809102,2135.794,739.5268337,-15.12,9.638789966,1.504788284,4.2,0.748331477,1.26E+11,44.82695432,SS
Cu0.5NiCoCrAl0.5Fe3,6,Cu Ni Co Cr Al Fe,0.5 1 1 1 0.5 3,1.260571429,0.038435999,1750.66,294.5094608,-2.836734694,4.603583014,1.574097337,8,1.927248223,1.63E+11,26.13622086,SS
Al0.3NbTaTi1.4Zr1.3,5,Al Nb Ta Ti Zr,0.3 1 1 1.4 1.3,1.48386,0.048446225,2360.7682,623.4179981,-4.4096,7.272507347,1.519249346,4.34,0.58685603,1.28E+11,49.92191247,SS
CuEr,2,Cu Er,1 1,1.517,0.157547792,1563.885,206.115,-23,0,0.693147181,7,4,92000000000,48,IM
Ni55Nb20Hf10Ti15,4,Ni Nb Hf Ti,55 20 10 15,1.3482,0.088616557,2042.15,421.3553459,-33.43,9.37971648,1.16552444,7.5,2.783882181,1.61E+11,29.40663191,AM
Mg17Sr2,2,Mg Sr,17 2,1.659,0.101927429,936.3684211,38.97531003,-1.506925208,0.76510522,0.336495758,2,0,41515151515,10.15999194,IM
SbY,2,Sb Y,1 1,1.566,0.150702427,1351.39,447.61,-68,0,0.693147181,4,1,41500000000,0.5,IM
Cr9Mo21Ni20,3,Cr Mo Ni,9 21 20,1.29568,0.04422124,2299.92,531.6543178,-6.72,1.852779274,1.039530248,7.6,1.959591794,1.97E+11,28.62236887,IM
HfMoNbTiZr,5,Hf Mo Nb Ti Zr,1 1 1 1 1,1.487,0.060972711,2444.2,361.8421755,-1.6,2.311709324,1.609437912,4.6,0.8,1.38E+11,55.79824768,SS
CrMnFe1.5Ni0.5Al1.2,5,Cr Mn Fe Ni Al,1 1 1.5 0.5 1.2,1.308057692,0.060300355,1615.32,427.3866779,-11.28698225,5.259655724,1.556272099,6.461538462,2.179110073,1.38E+11,38.82510854,SS
Mg75Ni15Nd10,3,Mg Ni Nd,75 15 10,1.55165,0.0830859,1080.85,293.3448951,-5.4,3.053669923,0.730588061,3.3,2.83019434,63950000000,48.9034508,AM
FeCoNiMnV,5,Fe Co Ni Mn V,1 1 1 1 1,1.2808,0.034408139,1801.8,215.3893219,-8.96,4.304862367,1.609437912,7.8,1.720465053,1.62E+11,22.27105745,IM+SS
Co2Mo0.8Ni2VW0.8,5,Co Mo Ni V W,2 0.8 2 1 0.8,1.286969697,0.038893071,2189.060606,673.510475,-8.301193756,4.34138777,1.521075855,7.96969697,1.961521495,1.99E+11,45.37771284,IM+SS
Ti50Cu20Ni24Si4B2,5,Ti Cu Ni Si B,50 20 24 4 2,1.34816,0.096916084,1771.214,236.6143292,-29.8816,11.90449196,1.217964591,6.82,3.241542843,1.37E+11,39.17192872,AM
TiZrNbMoV3,5,Ti Zr Nb Mo V,1 1 1 1 3,1.400714286,0.070585668,2323.428571,328.0691814,-2.530612245,1.624895669,1.475076311,4.857142857,0.638876565,1.52E+11,46.21470891,SS
AlCrCuFeNi,5,Al Cr Cu Fe Ni,1 1 1 1 1,1.2892,0.056280862,1602.048,424.3163071,-4,6.477653896,1.609437912,7.6,2.870540019,1.45E+11,37.04267809,SS
Ni65Nb5Cr5Mo5P14B6,6,Ni Nb Cr Mo P B,65 5 5 5 14 6,1.20955,0.107040659,1699.802,656.9093555,-28.9532,9.045915472,1.173429179,8.23,2.481350439,1.66E+11,71.56250694,AM
AlBeTi,3,Al Be Ti,1 1 1,1.340666667,0.112538012,1478.156667,415.373666,-26.66666667,9.026709338,1.098612289,3,0.816496581,1.05E+11,22.29100466,IM
Co0.5Cr0.5Fe0.5NiAlMnV0.5,7,Co Cr Fe Ni Al Mn V,0.5 0.5 0.5 1 1 1 0.5,1.3113,0.05559264,1630.294,409.1785939,-15.96,6.599414519,1.886696785,6.8,2.441311123,1.42E+11,39.29834602,SS
B2Co3Zr,3,B Co Zr,2 3 1,1.166,0.235413601,2021.333333,263.7338726,-45.44444444,10.7038639,1.011404265,6.166666667,2.852873795,2.08E+11,87.80030038,IM
Cu47Ti33Zr11Ni8Si,5,Cu Ti Zr Ni Si,47 33 11 8 1,1.37066,0.087681274,1667.8719,305.6079358,-16.8852,8.332451119,1.211629515,7.77,3.420102338,1.25E+11,27.40270034,AM
AlCo1.5CrCu0.5FeNi,6,Al Co Cr Cu Fe Ni,1 1.5 1 0.5 1 1,1.280583333,0.053348519,1663.8925,384.8695489,-7.833333333,6.052034527,1.748155457,7.666666667,2.527625148,1.54E+11,36.88570937,SS
CoCrFeNiAl2,5,Co Cr Fe Ni Al,1 1 1 1 2,1.3085,0.066780149,1558.99,466.1835406,-15.44444444,5.889907902,1.560710409,6.5,2.753785274,1.40E+11,45.99154512,SS
Al0.4Hf0.6NbTaTiZr,6,Al Hf Nb Ta Ti Zr,0.4 0.6 1 1 1 1,1.48872,0.049230841,2397.1976,642.8454603,-6.3296,8.313593039,1.744040246,4.32,0.61449166,1.29E+11,48.59128225,SS
SrCaYbMgZn,5,Sr Ca Yb Mg Zn,1 1 1 1 1,1.7648,0.152531711,974.536,155.7700266,-13.12,6.454963981,1.609437912,4.2,3.919183588,34978787879,20.97087403,AM
Cu4Ce,2,Cu Ce,4 1,1.3874,0.15770506,1300.416,114.708,-13.44,3.024,0.500402424,9.4,3.2,1.16E+11,47.2,IM
La66Al14Cu20,3,La Al Cu,66 14 20,1.69622,0.152377934,1189.6198,121.8532714,-25.2448,5.819805672,0.871383575,4.6,3.2,57120000000,44.53521753,AM
CoCr2FeNi,4,Co Cr Fe Ni,1 2 1 1,1.2472,0.002795958,1933.4,203.0523085,-4.32,1.693299737,1.33217904,7.8,1.6,1.70E+11,8.94427191,SS
Al13Ru4,2,Al Ru,13 4,1.409882353,0.028281193,1327.241765,709.8821442,-15.11418685,2.496658954,0.545594574,4.176470588,2.120912515,1.10E+11,61.08228043,IM
Ti2CrCuFeCoNi,6,Ti Cr Cu Fe Co Ni,2 1 1 1 1 1,1.312714286,0.07240603,1818.11,234.143597,-14.04081633,9.481291617,1.747868097,7.428571429,2.610809555,1.50E+11,28.28427125,IM+SS
GdTbDyTmLu,5,Gd Tb Dy Tm Lu,1 1 1 1 1,1.7302,0.050718319,1730.8,128.948672,0,0,1.609437912,3,4.44E-16,42140000000,3.815547143,SS
FeCoNiCrTi,5,Fe Co Ni Cr Ti,1 1 1 1 1,1.2898,0.066805618,1885.6,163.6906839,-16.32,8.371723837,1.609437912,7.4,2.154065923,1.60E+11,26.07680962,IM+SS
AlCoCrFeNiTi,6,Al Co Cr Fe Ni Ti,1 1 1 1 1 1,1.3135,0.072207879,1726.911667,385.0179247,-21.55555556,9.113594964,1.791759469,6.666666667,2.560381916,1.46E+11,39.32768321,IM+SS
Mg65Cu20Ni5Gd10,4,Mg Cu Ni Gd,65 20 5 10,1.53865,0.107344199,1116.504,276.9825673,-5.86,3.243353974,0.981941601,4.3,3.769615365,70050000000,45.756393,AM
Al11Cu11Mg4,3,Al Cu Mg,11 11 4,1.392846154,0.081527091,1111.370769,211.0329994,-2.017751479,0.498221076,1.015832175,6.230769231,4.097914031,98307692308,37.1905377,IM
Ni50Nb50,2,Ni Nb,50 50,1.3375,0.068411215,2239,511,-30,0,0.693147181,7.5,2.5,1.75E+11,5,AM
B6Ni21Sn2,3,B Ni Sn,6 21 2,1.183655172,0.175813149,1771.936552,425.1362644,-14.15457788,5.867272128,0.744129541,8.137931034,3.025456796,2.01E+11,68.25893207,IM
CuNiTi,3,Cu Ni Ti,1 1 1,1.328666667,0.071637003,1675.59,240.9694508,-17.77777778,9.706389224,1.098612289,8.333333333,3.091206165,1.43E+11,28.67441756,IM
Ag3Sn,2,Ag Sn,3 1,1.48875,0.050899898,1052.4675,316.0343205,-2.25,0.324759526,0.562335145,9.25,3.031088913,89500000000,18.18653348,IM
AlCo3CrCu0.5FeNi,6,Al Co Cr Cu Fe Ni,1 3 1 0.5 1 1,1.274666667,0.048828481,1684.714,346.7474516,-7.253333333,5.599131926,1.621667917,7.933333333,2.322833519,1.59E+11,34.55211844,SS
CoCrFeNiCuAl0.5 ,6,Co Cr Fe Ni Cu Al,1 1 1 1 1 0.5,1.269272727,0.041692079,1693.000909,346.0859229,-1.520661157,5.643485011,1.767761472,8.272727273,2.339032787,1.58E+11,29.54755237,IM+SS
Ag2Al,2,Ag Al,2 1,1.440666667,0.004253766,1134.443333,142.1096068,-3.555555556,0.20951312,0.636514168,8.333333333,3.771236166,92000000000,11.3137085,IM
AlCoCrCuFeMoNiTiV,9,Al Co Cr Cu Fe Mo Ni Ti V Zr,1 1 1 1 1 1 1 1 1,1.315333333,0.060852754,1866.471111,519.1008183,-11.20987654,8.317409976,2.197224577,6.888888889,2.601044425,1.56E+11,41.67007393,SS
Bi2Mg3,2,Bi Mg,2 3,1.5326,0.054660413,771.68,185.3283939,-9.6,0.195959179,0.673011667,3.2,1.469693846,39400000000,6.85857128,IM
AlBe4Mn,3,Al Be Mn,1 4 1,1.215666667,0.103826936,1448.745,230.9237936,-6.555555556,3.224137362,0.867563228,3,1.825741858,1.19E+11,19.72026594,IM
B3FeNd2,3,B Fe Nd,3 1 2,1.1635,0.31658733,1907.166667,473.3210386,-41.11111111,11.31019182,1.011404265,3.833333333,1.863389981,1.99E+11,129.4488316,IM
B6Hf2Ni21,3,B Hf Ni,6 2 21,1.180758621,0.171260783,1909.931034,296.944199,-26.53983353,5.926296753,0.744129541,8.137931034,3.025456796,2.04E+11,61.72895377,IM
AlCo0.5CrCu0.5FeNi,6,Al Co Cr Cu Fe Ni,1 0.5 1 0.5 1 1,1.2865,0.057070382,1643.071,418.5071976,-7.92,6.263754784,1.748067349,7.4,2.690724809,1.49E+11,38.4,SS
Ag3Sb,2,Ag Sb,3 1,1.41625,0.035160784,1152.1425,143.3921562,-3,0.433012702,0.562335145,9.5,2.598076211,85500000000,25.11473671,IM
TiZrNbMoV2,5,Ti Zr Nb Mo V,1 1 1 1 2,1.414833333,0.070711992,2346.833333,348.9027642,-2.666666667,1.837537268,1.560710409,4.833333333,0.687184271,1.50E+11,49.77825056,SS
SrCaYbLi0.55Mg0.45Zn,6,Sr Ca Yb Li Mg Zn,1 1 1 0.55 0.45 1,1.75578,0.157091252,922.9119,226.1591455,-12.152,6.663995313,1.747065675,4.09,3.992730895,31238787879,21.86301193,AM
AlNi2Ti,3,Al Ni Ti,1 2 1,1.3465,0.075052471,1582.6175,384.7410284,-36,5.184110338,1.039720771,6.75,3.269174208,1.37E+11,45.13036672,IM
Be17Ti2,2,Be Ti,17 2,1.163157895,0.088123888,1600.105263,116.9259301,-11.30193906,5.738289152,0.336495758,2.210526316,0.61378441,1.28E+11,6.1378441,IM
CuNiCoFeCrAl0.5V0.2,7,Cu Ni Co Fe Cr Al V,1 1 1 1 1 0.5 0.2,1.270912281,0.041456981,1710.19386,351.7125968,-2.499230532,5.813821542,1.857740065,8.157894737,2.375233866,1.58E+11,29.0273218,SS
AlCuMg,3,Al Cu Mg,1 1 1,1.437,0.091796511,1071.413333,202.5298507,-2.666666667,0.608580619,1.098612289,5.333333333,4.027681991,87000000000,39.55586766,IM
Zr50Ni50,2,Zr Ni,50 50,1.4245,0.125307125,1928,200,-49,0,0.693147181,7,3,1.25E+11,54.58333333,AM
AlCo2CrCu0.5FeNi,6,Al Co Cr Cu Fe Ni,1 2 1 0.5 1 1,1.278307692,0.051715835,1671.900769,370.8098711,-7.668639053,5.905401994,1.711845135,7.769230769,2.454316328,1.56E+11,36.09258312,SS
Al17Sb3,2,Al Sb,17 3,1.4167,0.025708537,929.0165,10.6014505,1.02,0.349929993,0.422709088,3.3,0.714142843,70900000000,12.14042833,IM
CoFeSiB,4,Co Fe Si B,1 1 1 1,1.11625,0.156988976,1903.5,260.4654488,-34.5,10.4208325,1.386294361,6,2.549509757,1.93E+11,79.8044485,AM
Cd10Cu3,2,Cd Cu,10 3,1.501076923,0.081397736,770.4238462,321.7027375,4.26035503,0.732955994,0.540204142,11.76923077,0.421325044,64615384615,41.28985434,IM
AlTi,2,Al Ti,1 1,1.447,0.010366275,1437.235,503.765,-30,0,0.693147181,3.5,0.5,93000000000,17,IM
Al4Cu5,2,Al Cu,4 5,1.346444444,0.056833548,1169.192222,210.8363651,-0.987654321,0.006134617,0.686961577,7.444444444,3.97523196,1.12E+11,31.80185568,IM
AlMo,2,Al Mo,1 1,1.3975,0.024686941,1914.735,981.265,-5,0,0.693147181,4.5,1.5,1.53E+11,77,IM
Fe89Zr7B4,3,Fe Zr B,89 7 4,1.2495,0.101834156,1854.67,129.0810641,-10.7276,5.58264241,0.418618332,7.52,1.374627222,1.69E+11,39.8433835,SS
Fe81Si2B13Nb3Cu1,5,Fe Si B Nb Cu,81 2 13 3 1,1.19052,0.123797851,1901.9677,240.8862219,-15.4872,5.619381257,0.665401642,7.21,1.818213409,1.88E+11,52.1071972,SS
B4InNi15,3,B In Ni,4 1 15,1.1765,0.162153915,1787.0875,397.0658893,-13.38,5.96951581,0.687435751,8.25,3.031088913,2.01E+11,67.59068148,IM
AlCoCr1.5Cu0.5FeNi,6,Al Co Cr Cu Fe Ni,1 1 1.5 0.5 1 1,1.280416667,0.053413543,1698.225833,410.1705014,-7.555555556,5.900727676,1.748155457,7.416666667,2.531742922,1.53E+11,36.13247231,SS
AlCrCu0.5FeNi,5,Al Cr Cu Fe Ni,1 1 0.5 1 1,1.290444444,0.05918952,1629.19,438.9560026,-7.703703704,6.277089509,1.58109375,7.222222222,2.779999112,1.46E+11,39.00364022,SS
Ni45Ti20Zr35,3,Ni Ti Zr,45 20 35,1.41415,0.11328335,1910.6,178.1320858,-43.47,11.98115336,1.048653789,6.7,2.984962311,1.28E+11,49.24800828,AM
FeCoNiCuAl,5,Fe Co Ni Cu Al,1 1 1 1 1,1.2896,0.056094722,1519.648,334.5995799,-5.28,6.70314553,1.609437912,8.2,2.785677655,1.49E+11,39.4279089,SS
Pd77Cu6Si17,3,Pd Cu Si,77 6 17,1.33144,0.063041941,1775.8547,118.0153159,-32.1604,9.235096192,0.671288175,9.04,2.293120145,1.64E+11,30.46309242,AM
CuNi2FeMn2Cr,5,Cu Ni Fe Mn Cr,1 2 1 2 1,1.28,0.035676948,1691.824286,246.8268557,-0.489795918,3.903636582,1.549826046,8.428571429,1.761261144,1.53E+11,24.32769481,SS
Mg50Ni50,2,Mg Ni,50 50,1.4235,0.124692659,1325.5,402.5,-4,0,0.693147181,6,4,1.13E+11,67.5,AM
AlCrTaTiZr,5,Al Cr Ta Ti Zr,1 1 1 1 1,1.4352,0.07857283,2094.494,749.5606261,-20,10.09752445,1.609437912,4.4,1.019803903,1.23E+11,49.79294908,AM
Mg65Ni20Nd15,3,Mg Ni Nd,65 20 15,1.53585,0.094776924,1139.65,321.4248396,-8.02,4.122172122,0.886464476,3.75,3.144439537,70050000000,55.16201138,AM
Al0.5CrCuFeNi2,5,Al Cr Cu Fe Ni,0.5 1 1 1 2,1.268363636,0.041996254,1685.728182,344.851543,-2.512396694,5.818518464,1.515707952,8.454545455,2.425757103,1.58E+11,29.54755237,SS
Mg2Sm1,2,Mg Sm,2 1,1.670666667,0.058972593,1063.716667,199.0034185,-5.333333333,0.314269681,0.636514168,2.333333333,0.471404521,42666666667,3.299831646,IM
AgMg3,2,Ag Mg,1 3,1.562,0.043245827,1000.9825,135.0696521,-7.5,1.082531755,0.562335145,4.25,3.897114317,58750000000,23.8156986,IM
Fe91Hf7B2,3,Fe Hf B,91 7 2,1.25617,0.084490513,1870.39,189.8735313,-7.6132,4.726629741,0.350211381,7.62,1.214742771,1.69E+11,26.468094,SS
ZrHfTiAlCuNi,6,Zr Hf Ti Al Cu Ni,1 1 1 1 1 1,1.433166667,0.094373785,1765.706667,511.6102712,-34.11111111,14.58337742,1.791759469,6,3.214550254,1.14E+11,37.34975044,IM+SS
Zr66Al8Ni26,3,Zr Al Ni,66 8 26,1.4965,0.103809205,1928.4376,340.480546,-44.7568,3.727142597,0.826537633,5.48,2.692508124,99630000000,47.65922191,AM
Zr39.88Ti15.12Ni9.98Cu13.77Be21.25,5,Zr Ti Ni Cu Be,39.88 15.12 9.98 13.77 21.25,1.4003622,0.137644169,1833.044929,290.698348,-34.26628064,13.44128242,1.484390056,5.1377,3.145749308,1.10E+11,36.18917569,AM
AlCoCrCu0.5FeNi2.5,6,Al Co Cr Cu Fe Ni,1 1 1 0.5 1 2.5,1.275285714,0.050613081,1670.193571,356.4136772,-8.448979592,5.997835333,1.668173972,8.071428571,2.520325538,1.58E+11,35.31086437,SS
Ni46Ti20Zr23Al12,4,Ni Ti Zr Al,46 20 23 12,1.392168317,0.104109703,1766.867723,344.836514,-45.30144104,11.76717706,1.268908671,6.613861386,3.111684454,1.29E+11,48.58295937,AM
Al2CaSi2,3,Al Ca Si,2 1 2,1.4292,0.210275543,1271.188,345.9193042,-34.88,8.879718914,1.054920168,3.2,0.748331477,73800000000,30.36050065,IM
Zr45.38Ti9.62Cu8.75Ni10Be26.25,5,Zr Ti Cu Ni Be,45.38 9.62 8.75 10 26.25,1.4006108,0.146607984,1853.515475,283.9380398,-37.99677,12.96712214,1.3782959,4.6875,2.909440453,1.07E+11,36.89835458,AM
AlCoCr0.5Cu0.5FeNi,6,Al Co Cr Cu Fe Ni,1 1 0.5 0.5 1 1,1.2867,0.056983974,1601.871,382.3379197,-8.32,6.466064027,1.748067349,7.7,2.685144316,1.51E+11,39.41776249,SS
B6Ni21Zr2,3,B Ni Zr,6 21 2,1.182482759,0.173934264,1883.862069,257.4345212,-28.2235434,7.095015022,0.744129541,8.137931034,3.025456796,2.01E+11,66.46445502,IM
Al0.5CoCrCuFeNiTi0.4,7,Al Co Cr Cu Fe Ni Ti,0.5 1 1 1 1 1 0.4,1.282338983,0.054909985,1709.814407,339.9148922,-6.42344154,7.597097364,1.895815043,7.983050847,2.500789878,1.55E+11,30.95770947,SS
Ni60Nb15Hf5Ti20,4,Ni Nb Hf Ti,60 15 5 20,1.33325,0.083025777,1962.8,375.3392599,-32.28,7.728864082,1.062737568,7.75,2.772634127,1.61E+11,29.64793416,AM
BCo2,2,B Co ,1 2,1.107333333,0.183481651,1961.333333,273.4146221,-21.33333333,1.257078722,0.636514168,7,2.828427125,2.27E+11,65.99663291,IM
FeCoNiCrCuAl2.8,6,Fe Co Ni Cr Cu Al,1 1 1 1 1 2.8,1.31725641,0.065658878,1469.036667,452.1115373,-10.28270874,6.716758413,1.684516763,6.717948718,3.104576588,1.34E+11,44.80507861,SS
Co1.5Cr0.5FeMn0.5Ni,5,Co Cr Fe Mn Ni,1.5 0.5 1 0.5 1,1.258444444,0.025893325,1786.777778,161.7506845,-3.50617284,1.792350495,1.522955068,8.444444444,1.257078722,1.69E+11,18.52592445,SS
CdMg,2,Cd Mg,1 1,1.5845,0.01041338,758.61,164.39,-6,0,0.693147181,7,5,43500000000,1.5,IM
FeCoNiCrCuAl2.0,6,Fe Co Ni Cr Cu Al,1 1 1 1 1 2.0,1.304142857,0.062570461,1530.244286,437.3079721,-8.653061224,6.750752628,1.747868097,7.142857143,2.996596709,1.40E+11,42.58005665,SS
FeNi2CrCuAl0.6,5,Fe Ni Cr Cu Al,1 2 1 1 0.6,1.271285714,0.044886672,1672.295,355.98278,-3.265306122,5.994159081,1.52994535,8.357142857,2.510183342,1.56E+11,31.22294747,SS
SrCaYbMgZn0.5Cu0.5,6,Sr Ca Yb Mg Zn Cu,1 1 1 1 0.5 0.5,1.7531,0.163688622,1041.045,163.0441765,-10.6,5.40348036,1.748067349,4.1,3.726929031,41978787879,37.02802354,AM
Co63Fe9Zr8B20,4,Co Fe Zr B,63 9 8 20,1.19206,0.1751633,1916.67,236.0331356,-27.7244,9.010911186,1.031743318,7.31,2.536513355,1.98E+11,67.41701895,AM
Al0.5CoCrCuFeNiTi1.4 ,7,Al Co Cr Cu Fe Ni Ti,0.5 1 1 1 1 1 1.4,1.308376812,0.069377252,1743.319565,324.6847878,-14.02226423,9.492334167,1.913479739,7.405797101,2.704364913,1.48E+11,32.64545432,IM+SS
Pd82Si18,2,Pd Si,82 18,1.33504,0.063885438,1802.661,54.18964042,-32.472,8.654974969,0.471393487,8.92,2.305124725,1.66E+11,30.73499634,AM
Pt3Al,2,Pt Al,3 1,1.39825,0.013935685,1764.4175,479.7477628,-33,4.763139721,0.562335145,8.25,3.031088913,1.92E+11,66.68395609,IM
NiCoFeCrMo0.1Al0.3,5,Ni Co Fe Cr Mo Al,1 1 1 1 0.1 0.3,1.249585366,0.014656299,1896.731707,238.1262244,-3.902439024,1.694477754,1.467147586,8.195121951,1.501535997,1.74E+11,12.0725548,SS
FeSi2,2,Fe Si,1 1,1.197,0.036758563,1749,62,-35,0,0.693147181,6,2,1.35E+11,35,IM
AlCrMnTiV,5,Al Cr Mn Ti V,1 1 1 1 1,1.3618,0.056812817,1751.294,475.1723621,-14.88,6.897721363,1.609437912,5,1.414213562,1.25E+11,31.93994364,IM
Zr57Ti5Cu20Ni8Be10,5,Zr Ti Cu Ni Be,57 5 20 8 10,1.45489,0.124749139,1875.804,319.1533772,-30.6216,10.28772813,1.22439878,5.68,3.202748819,1.01E+11,37.55356452,AM
Al0.5CoCrCuFeNiTi0.8 ,7,Al Co Cr Cu Fe Ni Ti,0.5 1 1 1 1 1 0.8,1.293746032,0.062616077,1724.492857,333.7425876,-10.10833963,8.651862798,1.923897003,7.73015873,2.60771961,1.52E+11,31.86975889,IM+SS
Zr17Ta16Ti19Nb22Si26,5,Zr Ta Ti Nb Si,17 16 19 22 26,1.39325,0.110918364,2300.57,573.2209741,-48.6432,24.36215874,1.593331876,4.38,0.485386444,1.28E+11,45.14828885,AM
TiZrNbMoV0.25,5,Ti Zr Nb Mo V,1 1 1 1 0.25,1.455529412,0.063163351,2414.294118,395.291369,-2.602076125,2.347013854,1.52846571,4.764705882,0.8065476,1.46E+11,58.66555585,SS
Ag3Ga,2,Ag Ga,3 1,1.43175,0.016029106,1001.925,403.5764984,-3.75,0.541265877,0.562335145,9,3.464101615,89000000000,19.05255888,IM
CrCuFeMnNi,5,Cr Cu Fe Mn Ni,1 1 1 1 1,1.2728,0.03197742,1719.154,279.8403096,2.72,4.235582605,1.609437912,8.4,1.854723699,1.54E+11,21.54065923,SS
CoCrMnNi,4,Co Cr Mn Ni,1 1 1 1,1.274,0.034469929,1798.75,239.5635354,-5.5,2.468552207,1.386294361,8,1.58113883,1.60E+11,24.49489743,SS
Al3Nb10Ni9,3,Al Nb Ni,3 10 9,1.354545455,0.066679566,2084.200455,658.7640272,-31.68595041,4.167974097,0.995737499,6.772727273,2.762275383,1.61E+11,34.20018849,IM
Zr65Al7.5Cu17.5Ni10,4,Zr Al Cu Ni,65 7.5 17.5 10,1.4976,0.099743591,1863.62,396.1569814,-32.2175,8.442054702,1.009557071,5.75,3.031088913,94241666667,38.50964796,AM
CuCoNiCrAl1.3Fe,6,Cu Co Ni Cr Al Fe,1 1 1 1 1.3 1,1.289936508,0.056863912,1596.55254,410.510795,-6.238347191,6.530974933,1.786410976,7.603174603,2.803284256,1.47E+11,38.78541466,SS
HfNbTaTiZr,5,Hf Nb Ta Ti Zr,1 1 1 1 1,1.5004,0.049944175,2523,476.4149452,2.72,1.208370804,1.609437912,4.4,0.489897949,1.32E+11,46.42676431,SS
SrCaYbMgZnCu,6,Sr Ca Yb Mg Zn Cu,1 1 1 1 1 1,1.683666667,0.181418082,1038.408333,201.5406307,-13.11111111,6.147032474,1.791759469,5.333333333,4.384315479,52482323232,43.57005907,AM
Ni50Nb20Hf10Ti20,4,Ni Nb Hf Ti,50 20 10 20,1.359,0.087938922,2052.8,415.9374472,-33.76,10.36458431,1.220607265,7.2,2.821347196,1.57E+11,31,AM
AlFe2Ti,3,Al Fe Ti,1 2 1,1.344,0.07704217,1624.1175,402.2619251,-21.5,4.563784066,1.039720771,5.75,2.277608395,1.32E+11,40.33298898,IM
BeCuNiTiVZr,6,Be Cu Ni Ti V Zr,1 1 1 1 1 1,1.338833333,0.115004837,1816.295,297.4649029,-24.88888889,12.67502973,1.791759469,6,3.31662479,1.32E+11,35.07405085,AM+IM
CrCuFeNiZr,5,Cr Cu Fe Ni Zr,1 1 1 1 1,1.3234,0.106086283,1840.954,298.151043,-14.4,11.9391792,1.609437912,7.8,2.561249695,1.44E+11,38.98005188,SS
Al31Cu16Ni14,3,Al Cu Ni,31 16 14,1.348918033,0.063157393,1227.112951,325.3895924,-9.833915614,6.259918961,1.032811151,6.704918033,3.782376139,1.17E+11,43.63292682,IM
AgPt3,2,Ag Pt,1 3,1.4015,0.017919898,1839.7825,349.2117537,-0.75,0.108253175,0.562335145,10.25,0.433012702,1.98E+11,56.29165125,IM
Cu10Sn3,2,Cu Sn,10 3,1.356923077,0.106191108,1160.995385,359.259652,4.970414201,0.855115326,0.540204142,9.384615385,2.94927531,1.21E+11,34.54865363,IM
Al8Li5Mg2,3,Al Li Mg,8 5 2,1.483533333,0.0408656,772.1473333,225.2093015,-3.413333333,0.849145278,0.970115784,2.2,0.909212113,50200000000,29.50977239,IM
AlEr2,2,Al Er,1 2,1.648,0.092679044,1491.156667,394.3440238,-33.77777778,1.990374643,0.636514168,3,0,54666666667,15.08494467,IM
Nd60Al10Ni10Cu18Fe2,5,Nd Al Ni Cu Fe,60 10 10 18 2,1.50666,0.112719829,1323.1656,192.5121456,-26.3568,7.452936398,1.15391657,5.24,3.449985507,73400000000,56.1287805,AM
Dy5Sb3,2,Dy Sb,5 3,1.6075,0.13371731,1392.0425,378.2065062,-62.8125,2.02726472,0.661563238,3.75,0.968245837,41375000000,0.484122918,IM
CuNi2FeCrAl0.9,5,Cu Ni Fe Cr Al,1 2 1 1 0.9,1.279457627,0.051473308,1634.727627,382.9158738,-5.216891698,6.379553125,1.556059148,8.084745763,2.713982224,1.52E+11,35.17020624,SS
Fe73.5Si13.5B9Nb3Cu,5,Fe Si B Nb Cu,73.5 13.5 9 3 1,1.19724,0.106166726,1866.2277,231.2675409,-24.0699,5.673844957,0.864593724,6.95,1.9150718,1.74E+11,51.78259843,SS
AuSn4,2,Au Sn,1 4,1.5844,0.044938147,671.53,332.9,-6.4,1.44,0.500402424,5.4,2.8,90400000000,64.8,IM
AuCdSn,3,Au Cd Sn,1 1 1,1.543333333,0.048422536,812.21,373.0949349,-9.333333333,3.168128318,1.098612289,9,3.559026084,1.07E+11,80.40453276,IM
Ni57Zr20Ti18Pd5,4,Ni Zr Ti Pd,57 20 18 5,1.36273,0.106578606,1851.3425,159.5416805,-42.688,12.48852104,1.100745697,7.72,2.912318664,1.46E+11,45.60501922,AM
Be2Ti,2,Be Ti,2 1,1.239333333,0.127043392,1687,179.6051224,-26.66666667,1.571348403,0.636514168,2.666666667,0.942809042,1.23E+11,9.428090416,IM
Al0.5CoCrCuFeNiV0.6 ,7,Al Co Cr Cu Fe Ni V,0.5 1 1 1 1 1 0.6,1.273868852,0.04093038,1741.197541,359.5659372,-4.074173609,6.042357234,1.915349257,7.950819672,2.425454019,1.58E+11,28.06430976,IM+SS
AlB2,2,Al B,1 2,1.024,0.281737858,1876.49,666.8158368,0,0,0.636514168,3,0,2.39E+11,115.0227031,IM
Mg3Sm1,2,Mg Sm,3 1,1.65325,0.054740453,1028.5375,182.7963121,-4.5,0.649519053,0.562335145,2.25,0.433012702,43250000000,3.031088913,IM
AuSn2,2,Au Sn,1 2,1.560666667,0.053765488,782.4966667,392.3264124,-8.888888889,0.523782801,0.636514168,6.333333333,3.299831646,1.12E+11,76.36753237,IM
CoFeReRu,4,Co Fe Re Ru,1 1 1 1,1.30125,0.043717578,2411.25,691.0442732,-1.5,1.31101106,1.386294361,8,0.707106781,2.35E+11,80.15609771,SS
CoCrFeNiPd,5,Co Cr Fe Ni Pd,1 1 1 1 1,1.2724,0.040404358,1863.01,162.274152,-5.6,3.06333152,1.609437912,8.6,1.496662955,1.74E+11,8,SS
Mo3Si,2,Mo Si,3 1,1.3105,0.069387766,2593.75,523.5123566,-26.25,3.788861142,0.562335145,5.5,0.866025404,1.98E+11,56.29165125,IM
FeCoNiCrCuAl2.3,6,Fe Co Ni Cr Cu Al,1 1 1 1 1 2.3,1.30939726,0.06402995,1505.719315,444.3124502,-9.375117283,6.763699733,1.725450926,6.97260274,3.047444934,1.38E+11,43.60513036,SS
AlCrNbTiV,5,Al Cr Nb Ti V,1 1 1 1 1,1.3776,0.059023492,1997.494,594.8655042,-14.56,6.814736972,1.609437912,4.6,1.019803903,1.35E+11,36.2789195,IM
Cu2Mg,2,Cu Mg,2 1,1.385666667,0.109884768,1212.846667,204.9525435,-2.666666667,0.15713484,0.636514168,8,4.242640687,1.08E+11,44.78342948,IM
Ce60Al10Ni10Cu20,4,Ce Al Ni Cu,60 10 10 20,1.6184,0.15889284,1180.301,222.6141237,-26.56,6.605977899,1.088899975,5.3,3.522782991,66800000000,59.71398496,AM
NbTaTiV,4,Nb Ta Ti V,1 1 1 1,1.40925,0.039347075,2541,522.6963746,-0.25,0.824431622,1.386294361,4.75,0.433012702,1.60E+11,32.40370349,SS
Al6Mn,2,Al Mn,6 1,1.420285714,0.020202993,1017.117143,204.8928184,-9.306122449,3.392150518,0.410116318,3.571428571,1.399708424,82285714286,15.39679267,IM
CuDy,2,Cu Dy,1 1,1.526,0.162516383,1521.385,163.615,-22,0,0.693147181,7,4,90500000000,49.5,IM
Zr66Al8Cu7Ni19,4,Zr Al Cu Ni,66 8 7 19,1.49874,0.101361866,1902.5215,367.7490957,-39.2688,7.932141274,0.977985616,5.55,2.819131072,96830000000,43.88039919,AM
Dy4Sb3,2,Dy Sb,4 3,1.583714286,0.138739051,1350.191429,386.6036377,-65.63265306,0.676661248,0.682908105,3.857142857,0.989743319,41428571429,0.494871659,IM
Al0.5CoCrCuFeNiV1.0 ,7,Al Co Cr Cu Fe Ni V,0.5 1 1 1 1 1 1.0,1.276461538,0.040357597,1768.385385,364.1482893,-5.25443787,6.171554345,1.925121191,7.769230769,2.454316328,1.58E+11,27.19119245,IM+SS
Co5Cr2Mo3,3,Co Cr Mo,5 2 3,1.2842,0.04017462,2188.8,488.4581456,-4.6,1.153082824,1.029653014,7.5,1.5,1.91E+11,26.62705391,IM
Co3Sn2,2,Co Sn,3 2,1.3986,0.129252355,1262.832,618.7019172,0,0,0.673011667,7,2.449489743,1.31E+11,59.76754972,IM
Ni3Sn4,2,Ni Sn,3 4,1.459714286,0.126793306,1029.188571,605.1884496,-3.918367347,0.040397686,0.682908105,6.571428571,2.969229956,1.10E+11,60.37434244,IM
Al11Sm3,2,Al Sm,11 3,1.513,0.102513676,1021.687143,168.9229679,-25.59183673,5.0913908,0.519579839,3,0,67857142857,15.59238433,IM
B6Co20In3,3,B Co In,6 20 3,1.193793103,0.177770874,1749.560345,504.5065388,-10.15933413,8.081578298,0.81691517,7.137931034,2.775808524,1.94E+11,78.04050698,IM
Zr44Ti11Cu10Ni10Be25,5,Zr Ti Cu Ni Be,44 11 10 10 25,1.40054,0.144418198,1848.407,285.7547369,-37.068,13.19042541,1.411122292,4.8,2.976575213,1.08E+11,36.74213446,AM
AlCoCrCu0.5FeNi0.5,6,Al Co Cr Cu Fe Ni,1 1 1 0.5 1 0.5,1.287,0.056845453,1647.071,419.4898168,-7.28,6.093450911,1.748067349,7.3,2.60959767,1.49E+11,38.4,SS
CrFe,2,Cr Fe,1 1,1.245,0.003212851,1995.5,184.5,-1,0,0.693147181,7,1,1.65E+11,5,IM
Cu0.75NiCoFeCrAl0.25,6,Cu Ni Co Fe Cr Al,0.75 1 1 1 1 0.25,1.2607,0.032503327,1747.739,307.0723137,-0.71,4.940735851,1.721904941,8.4,2.059126028,1.63E+11,24.18594633,SS
Al2Ce,2,Al Ce,2 1,1.563,0.118529736,979.3133333,64.83226374,-33.77777778,1.990374643,0.636514168,3,0,58000000000,25.45584412,IM
AlCrMoTaTiZr,6,Al Cr Mo Ta Ti Zr,1 1 1 1 1 1,1.423166667,0.074763443,2228.078333,746.6088762,-16.11111111,8.932301396,1.791759469,4.666666667,1.105541597,1.41E+11,60.37693457,AM
Al1.5CoCrCu0.5FeNi,6,Al Co Cr Cu Fe Ni,1.5 1 1 0.5 1 1,1.295666667,0.061149968,1594.348333,432.2554029,-10.13888889,6.49606618,1.748155457,7.166666667,2.793842436,1.46E+11,41.73594241,SS
Al13Cr4Si4,3,Al Cr Si,13 4 4,1.344,0.086327848,1314.43381,508.9099509,-19.04761905,4.620131185,0.928584507,3.761904762,1.150766283,96571428571,32.10187864,IM
Cr50Co29Nb7B14,4,Cr Co Nb B,50 29 7 14,1.20212,0.133713301,2123.94,269.7728608,-20.0244,8.003736406,1.166961156,6.38,1.948229966,1.89E+11,53.58908471,AM
Ti40Zr25Ni8Cu9Be18,5,Ti Zr Ni Cu Be,40 25 8 9 18,1.40329,0.120055375,1849.6393,246.5119134,-28.2612,11.95009733,1.440526996,4.75,2.72901081,1.12E+11,30.39838606,AM
Al3Ca8,2,Al Ca,3 8,1.827636364,0.132562915,1065.491818,80.84652236,-15.8677686,1.840337898,0.585952618,2.272727273,0.445361771,33090909091,26.27634451,IM
AlCoCrCu0.5Fe1.5Ni,6,Al Co Cr Cu Fe Ni,1 1 1 0.5 1.5 1,1.27975,0.053707931,1667.475833,386.0206166,-7.138888889,5.916356477,1.748155457,7.583333333,2.498610725,1.54E+11,36.40627235,SS
Al0.8CrCuFeMn1.5Ni,6,Al Cr Cu Fe Mn Ni,0.8 1 1 1 1.5 1,1.299142857,0.0505464,1603.499365,361.0290668,-4.232804233,6.034412952,1.772346011,7.603174603,2.440008343,1.41E+11,32.76784122,SS
Ti1Zr1Cu1Ni1Be1,5,Ti Zr Cu Ni Be,1 1 1 1 1,1.3434,0.12527682,1742.954,271.8621497,-30.24,13.75624367,1.609437912,6.2,3.6,1.26E+11,35.85309533,AM
B6Mn2Ni21,3,B Mn Ni,6 2 21,1.165034483,0.152913573,1841.862069,263.7782146,-17.80737218,3.663758269,0.744129541,8.344827586,2.831788299,2.05E+11,60.72099504,IM
B2CoW2,3,B Co W,2 1 2,1.125,0.224540442,2770.8,783.7625661,-27.84,7.772270711,1.054920168,5.4,2.244994432,2.88E+11,54.18486874,IM
Fe2Si,2,Fe Si,2 1,1.211666667,0.034236807,1769.666667,58.45416058,-31.11111111,1.833239803,0.636514168,6.666666667,1.885618083,1.47E+11,32.99831646,IM
Al20Li20Mg10Sc20Ti30,5,Al Li Mg Sc Ti,20 20 10 20 30,1.5171,0.051625095,1314.832,600.177793,-0.4,14.11674183,1.557113098,2.8,1.077032961,66300000000,35.58103427,SS
CdMg3,2,Cd Mg,1 3,1.59275,0.008971539,840.805,142.3659161,-4.5,0.649519053,0.562335145,4.5,4.330127019,44250000000,1.299038106,IM
AlSb,2,Al Sb,1 1,1.381,0.036929761,918.625,14.845,2,0,0.693147181,4,1,59000000000,17,IM
Al2Ru,2,Al Ru,2 1,1.400666667,0.031636381,1491.313333,788.9096077,-18.66666667,1.099943882,0.636514168,4.666666667,2.357022604,1.24E+11,67.88225099,IM
Ni57.5Zr30Nb5Al7.5,4,Ni Zr Nb Al,57.5 30 5 7.5,1.3762,0.116152692,1839.51025,367.6078185,-45.045,8.423596153,1.023445004,7.425,3.015688147,1.39E+11,52.02216675,AM
Cu2In3Sn1,3,Cu In Sn,2 3 1,1.476,0.095938404,751.645,429.4218019,8.222222222,2.498696505,1.011404265,5.833333333,3.670452591,72998333333,48.17351742,IM
Al2FeTi,3,Al Fe Ti,2 1 1,1.39175,0.063152898,1404.735,473.5010034,-24.75,5.552659836,1.039720771,4.5,2.061552813,1.08E+11,38.39270764,IM
Cu53.2Zr41.8Al5,3,Cu Zr Al,53.2 41.8 5,1.42155,0.110625144,1658.51114,408.0889228,-24.243392,4.782504698,0.850148554,7.674,3.552425087,1.08E+11,34.25440811,AM
Zr41.2Ti13.8Cu12.5Ni10Be22.5,5,Zr Ti Cu Ni Be,41.2 13.8 12.5 10 22.5,1.400342,0.139912901,1838.11525,289.0324122,-35.1966,13.42421791,1.464453824,5.025,3.094248697,1.09E+11,36.38314537,AM
Nd60Al15Ni10Cu10Fe5,5,Nd Al Ni Cu Fe,60 15 10 10 5,1.51325,0.108609644,1315.5475,227.2436989,-27.37,8.398888483,1.201367004,4.75,3.080178566,71100000000,55.41290463,AM
B4Co,2,B Co ,4 1,0.9062,0.190244979,2232,232,-15.36,3.456,0.500402424,4.2,2.4,2.92E+11,56,IM
Al4Li9,2,Al Li,4 9,1.492230769,0.026908604,601.3146154,221.4369231,-3.408284024,0.273099681,0.61724177,1.615384615,0.923076923,31000000000,30,IM
Ni62Zr28Nb7Al3,4,Ni Zr Nb Al,62 28 7 3,1.36435,0.11603108,1887.7041,333.6867065,-42.1864,8.071584948,0.944157525,7.76,2.877915913,1.46E+11,49.85878324,AM
TiZrNbMoV0.75,5,Ti Zr Nb Mo V,1 1 1 1 0.75,1.440842105,0.067275694,2389.947368,380.5861786,-2.703601108,2.178467242,1.603568103,4.789473684,0.766327357,1.48E+11,55.65628756,SS
Al4Ca,2,Al Ca,4 1,1.5408,0.141225337,969.776,72.612,-12.8,2.88,0.500402424,2.8,0.4,64200000000,23.6,IM
AuNi2Sn4,3,Au Ni Sn,1 2 4,1.487714286,0.110431443,973.3785714,554.0218989,-4.734693878,2.823437172,0.955699891,6.714285714,3.149343955,1.16E+11,68.10076568,IM
Pr60Al10Ni10Cu20,4,Pr Al Ni Cu,60 10 10 20,1.5134,0.114621559,1260.191,190.6511885,-27.52,6.697493262,1.088899975,5.3,3.522782991,71000000000,56.5791481,AM
CrHfNbTiZr ,5,Cr Hf Nb Ti Zr,1 1 1 1 1,1.4642,0.086265386,2301,289.0660824,-4,3.57211422,1.609437912,4.6,0.8,1.24E+11,36.41580853,IM+SS
AlCoCrCuFeNiTiV,8,Al Co Cr Cu Fe Ni Ti V,1 1 1 1 1 1 1 1,1.309375,0.063384349,1737.78,392.55095,-13.9375,8.7606938,2.079441542,7,2.738612788,1.47E+11,34.46737588,SS
Sb3Y4,2,Sb Y,3 4,1.599714286,0.146013213,1415.334286,443.0190068,-66.6122449,0.68676067,0.682908105,3.857142857,0.989743319,41428571429,0.494871659,IM
Ni57.5Zr28Nb7Al7.5,4,Ni Zr Nb Al,57.5 28 7 7.5,1.37272,0.114180352,1851.95025,387.1641249,-43.9414,9.015860877,1.055045141,7.445,2.996160042,1.41E+11,51.27237723,AM
HfB2,2,Hf B,1 2,1.072666667,0.333118049,2400.666667,74.48191428,-58.66666667,3.456966486,0.636514168,3.333333333,0.471404521,2.50E+11,98.99494937,IM
Al2Mn,2,Al Mn,2 1,1.404666667,0.027519106,1128.646667,276.0214891,-16.88888889,0.995187322,0.636514168,4.333333333,1.885618083,90666666667,20.74179891,IM
Ce60Al15Ni15Cu10,4,Ce Al Ni Cu,60 15 15 10,1.6245,0.154721258,1177.5975,253.8605945,-30.6,6.620445604,1.105889879,4.85,3.213642793,65600000000,60.60891024,AM
Mo5Si3,2,Mo Si,5 3,1.28425,0.079163568,2442.625,585.3046082,-32.8125,1.059018884,0.661563238,5.25,0.968245837,1.81E+11,62.93597938,IM
Al5CuTi2,3,Al Cu Ti,5 1 2,1.42025,0.038894433,1238.39,428.1434106,-20.1875,6.907845015,0.900256051,4.25,2.586020108,92500000000,22.99456458,IM
Ni60Nb20Hf5Ti15,4,Ni Nb Hf Ti,60 20 5 15,1.3316,0.081853106,2003.25,412.5576172,-31.64,7.662797139,1.062737568,7.8,2.712931993,1.64E+11,27.27636339,AM
Ag4Sn,2,Ag Sn,4 1,1.48,0.047297297,1088.96,291.94,-1.92,0.432,0.500402424,9.6,2.8,91600000000,16.8,IM
Cu51Hf14,2,Cu Hf,51 14,1.342615385,0.091855546,1605.081077,472.0246064,-11.49159763,2.264443064,0.521004041,9.492307692,2.877622293,1.34E+11,12.33266697,IM
Al0.5CrFeNiCoCuTi0.6,7,Al Cr Fe Ni Co Cu Ti,0.5 1 1 1 1 1 0.6,1.288229508,0.059215207,1717.394262,336.8215647,-8.395592583,8.194404329,1.915349257,7.852459016,2.559687901,1.53E+11,31.46379567,SS
AlCoCrCuNi,5,Al Co Cr Cu Ni,1 1 1 1 1,1.2912,0.055242051,1593.448,420.4119338,-6.56,6.631488521,1.609437912,7.8,2.925747768,1.47E+11,38.56630654,SS
Al0.3NbTa0.8Ti1.4V0.2Zr1.3,6,Al Nb Ta Ti V Zr,0.3 1 0.8 1.4 0.2 1.3,1.4793,0.053047552,2316.4882,594.4867313,-4.864,7.240567591,1.61932983,4.34,0.58685603,1.26E+11,48.19255832,SS
ZrHfTiCuFe,5,Zr Hf Ti Cu Fe,1 1 1 1 1,1.4324,0.104324491,1948.754,377.081055,-15.84,8.475225071,1.609437912,6.2,2.856571371,1.20E+11,33.21813427,AM
Ni60Nb20Hf15Ti5,4,Ni Nb Hf Ti,60 20 15 5,1.3432,0.094513272,2059.75,438.0636797,-33.16,8.38856722,1.062737568,7.8,2.712931993,1.64E+11,27.27636339,AM
Au46Ag5Cu29Si20,4,Au Ag Cu Si,46 5 29 20,1.33679,0.086708413,1408.0716,141.7564671,-21.4864,6.431312728,1.187861003,9.6,2.8,1.67E+11,51.24217013,AM
La55Al25Cu20,3,La Al Cu,55 25 20,1.64705,0.158779617,1161.0715,145.7715908,-30.34,7.791379275,0.997271523,4.6,3.2,62400000000,43.60550424,AM
Gd56Al24Co20,3,Gd Al Co,56 24 20,1.60244,0.144683106,1465.7928,307.190373,-34.4704,5.626965195,0.989093865,4.2,2.4,75520000000,54.51247197,AM
Al9Mn4Si3,3,Al Mn Si,9 4 3,1.3591875,0.077075001,1221.139375,330.7893209,-27.140625,5.591037455,0.984086503,4.1875,1.666536453,91500000000,18.75499933,IM
Al0.5CoCrFeNi,5,Al Co Cr Fe Ni,0.5 1 1 1 1,1.267333333,0.046023145,1767.496667,340.3958547,-9.086419753,4.600341233,1.58109375,7.666666667,2.160246899,1.62E+11,31.31835734,SS
CoCrCuFeNi,5,Co Cr Cu Fe Ni,1 1 1 1 1,1.253,0.010332037,1768.954,261.3339252,3.2,4.051666324,1.609437912,8.8,1.720465053,1.66E+11,14.96662955,SS
Al2Cu,2,Al Cu,2 1,1.380666667,0.05258061,1074.903333,200.0169382,-0.888888889,0.05237828,0.636514168,5.666666667,3.771236166,97333333333,30.16988933,IM
Ni57.5Zr26Nb9Al7.5,4,Ni Zr Nb Al,57.5 26 9 7.5,1.36924,0.112094334,1864.39025,405.3974639,-42.8506,9.407681795,1.079420803,7.465,2.976369433,1.43E+11,50.43352335,AM
CoCrFeNiAlNb0.1,6,Co Cr Fe Ni Al Nb,1 1 1 1 1 0.1,1.286647059,0.059188612,1704.994118,430.6447607,-13.31795463,5.908742672,1.674389267,7.156862745,2.4763394,1.54E+11,38.98836073,SS
B6Co21V2,3,B Co V,6 21 2,1.166310345,0.152300645,1916.62069,243.6995626,-19.57669441,3.414507961,0.744129541,7.482758621,2.499940546,2.08E+11,57.63471011,IM
La55Al25Ni15Cu5,4,La Al Ni Cu,55 25 15 5,1.64225,0.163464401,1216.606,246.1156631,-35.35,6.73988965,1.109738552,4.45,2.906458326,68400000000,55.10571658,AM
FeNiCrCoAl2.5,5,Fe Ni Cr Co Al,1 1 1 1 2.5 ,1.318,0.068416796,1510.873077,477.9042626,-16.09467456,5.773695577,1.519382665,6.230769231,2.805320389,1.35E+11,47.3961025,SS
MoNbTaVW,5,Mo Nb Ta V W,1 1 1 1 1,1.381,0.031480181,2962.8,510.100147,-4.64,2.219693673,1.609437912,5.4,0.489897949,2.14E+11,53.88877434,SS
Ni50Nb20Hf2.5Ti17.5,4,Ni Nb Hf Ti,50 20 2.5 17.5,1.337888889,0.078862519,2018.138889,416.6079394,-32.08641975,8.171608885,1.078753693,7.555555556,2.753224821,1.62E+11,28.19683898,AM
AlCoCrFeNi2.1,5,Al Co Cr Fe Ni,1 1 1 1 2.1,1.276983607,0.053807053,1692.011475,370.2392581,-11.94302607,5.505649683,1.552867718,7.704918033,2.491587566,1.58E+11,37.04758447,IM+SS
FeCoNiCrCuAl3,6,Fe Co Ni Cr Cu Al,1 1 1 1 1 3.0,1.320125,0.066100026,1455.6475,454.1874533,-10.5625,6.680235723,1.667461933,6.625,3.119995994,1.32E+11,45.14905868,SS
CoCrCu0.5FeNi,5,Co Cr Cu Fe Ni,1 1 0.5 1 1,1.250222222,0.008353125,1814.641111,234.5435552,0.49382716,3.534533593,1.58109375,8.555555556,1.640535896,1.69E+11,12.862041,SS
Al2B6Co20,3,Al B Co,2 6 20,1.171571429,0.161583745,1832.676429,342.9991415,-18.57142857,3.130342164,0.758936773,7.285714286,2.710523709,2.03E+11,66.80645209,IM
Cu0.76Si0.24,2,Cu Si,0.76 0.24,1.248,0.042776756,1436.7852,140.6085789,-13.8624,2.194182289,0.551079928,9.32,2.989581911,1.30E+11,17.0833252,IM
CaZn13,2,Ca Zn,1 13,1.4365,0.104163159,722.8457143,108.7640296,-5.836734694,4.162677274,0.257318641,11.28571429,2.575393768,66214285714,13.64958697,IM
Al4Mn,2,Al Mn,4 1,1.4156,0.023170387,1050.576,234.212,-12.16,2.736,0.500402424,3.8,1.6,84800000000,17.6,IM
AlCoCuNi,4,Al Co Cu Ni,1 1 1 1,1.30175,0.058520188,1446.81,336.7777121,-8,6.937218463,1.386294361,8.25,3.112474899,1.44E+11,42.52058325,SS
Cr45Co34Nb7B14,4,Cr Co Nb B,45 34 7 14,1.20222,0.133726928,2103.34,280.2330537,-20.2084,8.090024941,1.187527751,6.53,2.027091512,1.90E+11,53.22583959,AM
Al0.5CoCrCuFeNiTi1.2 ,7,Al Co Cr Cu Fe Ni Ti,0.5 1 1 1 1 1 1.2,1.303791045,0.067564849,1737.418657,327.6671612,-12.89374025,9.281372585,1.921180321,7.507462687,2.678678301,1.49E+11,32.44804954,IM+SS
Cu0.5NiAlCoCrFeTi,7,Cu Ni Al Co Cr Fe Ti,0.5 1 1 1 1 1 1,1.310769231,0.069893208,1698.516154,382.7681796,-17.18343195,9.338829301,1.925121191,7,2.717464882,1.46E+11,37.81862664,AM
FeCoNiCrCuAl0.5,6,Fe Co Ni Cr Cu Al,1 1 1 1 1 0.5,1.269272727,0.041692079,1693.000909,346.0859229,-1.520661157,5.643485011,1.767761472,8.272727273,2.339032787,1.58E+11,29.54755237,SS
Cd5Li4Mg,3,Cd Li Mg,5 4 1,1.5517,0.018269005,570.886,134.7762058,-11.6,2.709686329,0.943348392,6.6,5.407402334,29900000000,15.45606677,IM
MgCu,2,Mg Cu,50 50,1.4395,0.112191733,1140.385,217.385,-3,0,0.693147181,6.5,4.5,92500000000,47.5,AM
Cu51Zr14,2,Cu Zr,51 14,1.348,0.09911268,1523.665692,316.6330026,-15.54745562,3.063658263,0.521004041,9.492307692,2.877622293,1.25E+11,28.43364884,IM
B2NiTa,3,B Ni Ta,2 1 1,1.079,0.247492994,2428.5,558.0866868,-46.25,9.380206887,1.039720771,5.25,2.861380786,2.55E+11,65.38348415,IM
CoCrCuFeNiTi0.8 ,6,Co Cr Cu Fe Ni Ti,1 1 1 1 1 0.8,1.281827586,0.057000242,1792.684483,249.7898342,-6.753864447,8.17788008,1.788636338,8.137931034,2.300286908,1.58E+11,23.79060457,IM+SS
CuZr,2,Cu Zr ,50 50,1.4405,0.112808053,1742.885,385.115,-23,0,0.693147181,7.5,3.5,1.05E+11,34.58333333,AM
Al0.5CoCrCuFeNiTi0.2,7,Al Co Cr Cu Fe Ni Ti,0.5 1 1 1 1 1 0.2,1.276035088,0.0493137,1701.702632,343.0089174,-4.148968914,6.793731655,1.857740065,8.122807018,2.428414944,1.56E+11,30.32886333,SS
Al2CoCrCu0.5FeNi,6,Al Co Cr Cu Fe Ni,2 1 1 0.5 1 1,1.306153846,0.064576019,1543.511538,451.0926934,-11.59763314,6.584303526,1.711845135,6.846153846,2.904801167,1.40E+11,44.18733654,SS
AlLa,2,Al La,1 1,1.6555,0.13500453,1063.235,129.765,-38,0,0.693147181,3,0,52000000000,24,IM
AlB2Ni7,3,Al B Ni,1 2 7,1.1794,0.159347242,1772.547,371.5149484,-19.6,3.285848444,0.801818553,7.9,3.207802986,1.98E+11,68.49700723,IM
FeSi2,2,Fe Si,1 2,1.182333333,0.035086212,1728.333333,58.45416058,-31.11111111,1.833239803,0.636514168,5.333333333,1.885618083,1.23E+11,32.99831646,IM
Pd95Si5,2,Pd Si,95 5,1.3639,0.035474579,1820.9975,30.7411348,-10.45,9.709447397,0.198515243,9.7,1.307669683,1.76E+11,17.43559577,AM
Mg65Cu15Ag10Y10,4,Mg Cu Ag Y,65 15 10 10,1.55705,0.091260148,1107.0085,284.538657,-7.69,3.420286063,1.025093912,4.35,3.850649296,64350000000,35.82495639,AM
Y36Sc20Al24Co20,4,Y Sc Al Co,36 20 24 20,1.5708,0.13550695,1588.0728,368.158987,-34.9248,10.92538855,1.354077539,4.2,2.4,80400000000,51.54648388,AM
AgZr,2,Ag Zr,1 1,1.524,0.05183727,1681.465,446.535,-20,0,0.693147181,7.5,3.5,85416666667,14.58333333,IM
Zr66Al8Cu12Ni14,4,Zr Al Cu Ni,66 8 12 14,1.50034,0.099572308,1884.01,384.9825242,-35.4448,8.52418585,1.005985909,5.6,2.905167809,94830000000,40.85106404,AM
CuCoNiCrAl0.8Fe,6,Cu Co Ni Cr Al Fe,1 1 1 1 0.8 1,1.277689655,0.049216676,1653.714828,376.6640152,-3.614744352,6.102456615,1.788636338,8,2.559633594,1.54E+11,34.00356699,SS
AuCu,2,Au Cu,1 1,1.36,0.060294118,1347.55,10.22,-9,0,0.693147181,11,0,1.80E+11,40,IM
AlCrCuFeNiTi,6,Al Cr Cu Fe Ni Ti,1 1 1 1 1 1,1.318,0.070092151,1658.54,407.4232083,-13.66666667,9.238606597,1.791759469,7,2.943920289,1.39E+11,36.27058802,SS
Au2Bi,2,Au Bi,2 1,1.438,0.003933835,1073.12,373.6493653,1.777777778,0.10475656,0.636514168,9,2.828427125,1.57E+11,89.09545443,IM
Co0.5CrFeMn1.5Ni ,5,Co Cr Fe Mn Ni,0.5 1 1 1.5 1,1.2773,0.037337176,1776.3,230.5862312,-4.04,2.35257816,1.557113098,7.8,1.4,1.56E+11,24.57641145,IM+SS
NbTiVZr,4,Nb Ti V Zr,1 1 1 1,1.4525,0.070483977,2250.5,302.0153142,-0.25,1.598338982,1.386294361,4.5,0.5,1.28E+11,39.93647299,SS
