Alloy,No,Component,Fraction,delta,D_elec_nega,VEC,BulkModulus,omega,Phase_inshort
Pd82Si18,2,Pd Si,82 18,0.063885438,0.115256236,8.92,1.66E+11,26.1690889,AM
CuNi2FeCrAl1.5,5,Cu Ni Fe Cr Al,1 2 1 1 1.5,0.059313193,0.128891496,7.615384615,1.45E+11,305.3155073,SS
AlMo0.5NbTa0.5TiZr ,6,Al Mo Nb Ta Ti Zr,1 0.5 1 0.5 1 1 ,0.050410248,0.217614338,4.3,1.28E+11,225.1616626,IM+SS
AlEr2,2,Al Er,1 2,0.092679044,0.174419673,3,54666666667,28.0996089,IM
Ce65Al10Ni10Cu10Nb5,5,Ce Al Ni Cu Nb,65 10 10 10 5,0.144722268,0.325392071,4.6,62400000000,69.71542993,AM
B3FeNd2,3,B Fe Nd,3 1 2,0.31658733,0.406355755,3.833333333,1.99E+11,46.91959057,IM
AlB2Ni7,3,Al B Ni,1 2 7,0.159347242,0.111193525,7.9,1.98E+11,72.51331993,IM
AlCrFeNiMo0.5,5,Al Cr Fe Ni Mo,1 1 1 1 0.5,0.061121774,0.172225806,6.666666667,1.56E+11,240.1425466,SS
AuSn,2,Au Sn,1 1,0.05813194,0.29,7.5,1.39E+11,63.85306489,IM
Pr60Al10Ni10Cu20,4,Pr Al Ni Cu,60 10 10 20,0.114621559,0.352221521,5.3,71000000000,49.86271615,AM
Ni60Nb10Hf5Ti25,4,Ni Nb Hf Ti,60 10 5 25,0.084158165,0.196784146,7.7,1.58E+11,60.25506271,AM
CuCoNiCrAl1.8Fe,6,Cu Co Ni Cr Al Fe,1 1 1 1 1.8 1,0.061325834,0.12725645,7.264705882,1.42E+11,337.4162865,SS
Zr57Ti5Cu20Ni8Be10,5,Zr Ti Cu Ni Be,57 5 20 8 10,0.124749139,0.248738799,5.68,1.01E+11,75.00366177,AM
Dy5Sb3,2,Dy Sb,5 3,0.13371731,0.401822022,3.75,41375000000,14.66147891,IM
Al0.3CoCrFeNi ,5,Al Co Cr Fe Ni,0.3 1 1 1 1,0.037575522,0.107516334,7.88372093,1.66E+11,383.3379418,IM+SS
Bi3Pb7,2,Bi Pb,3 7,0.088659264,0.142059847,4.3,41500000000,0,IM
CoCr2FeNi,4,Co Cr Fe Ni,1 2 1 1,0.002795958,0.107591821,7.8,1.70E+11,596.2117954,SS
AlCoCrCu0.5FeNi2.5,6,Al Co Cr Cu Fe Ni,1 1 1 0.5 1 2.5,0.050613081,0.117518995,8.071428571,1.58E+11,329.7644897,SS
BCoMo,3,B Co Mo,1 1 1,0.204498906,0.11469767,6,2.43E+11,91.70796868,IM
Ni61Al11Ni8Co5Cu15,5,Nd Al Ni Co Cu,61 11 8 5 15,0.110637097,0.340435765,5.06,72280000000,69.22693281,AM
Al0.5CoCrCuFeNiTi0.2,7,Al Co Cr Cu Fe Ni Ti,0.5 1 1 1 1 1 0.2,0.0493137,0.11875003,8.122807018,1.56E+11,761.9534452,SS
Cu54Zr27Ti9Be10,4,Cu Zr Ti Be,54 27 9 10,0.117564223,0.249368222,7.58,1.18E+11,88.8938055,AM
Zr66Al9Cu16Ni9,4,Zr Al Cu Ni,66 9 16 9,0.096609903,0.246759073,5.57,92190000000,57.58221445,AM
GdHoLaTbY,5,Gd Ho La Tb Y,1 1 1 1 1,0.021582588,0.057965507,3,37140000000,0,SS
La55Al25Cu20,3,La Al Cu,55 25 20,0.158779617,0.332217925,4.6,62400000000,38.16425653,AM
AlMnNbTiV,5,Al Mn Nb Ti V,1 1 1 1 1,0.039497885,0.034985711,4.8,1.27E+11,193.4326598,IM
CoCr2FeNiAl0.3,5,Co Cr Fe Ni Al,1 2 1 1 0.3,0.034061991,0.11230616,7.528301887,1.65E+11,399.8129026,IM+SS
Mo3Si,2,Mo Si,3 1,0.069387766,0.112583302,5.5,1.98E+11,55.5640679,IM
AlNd,2,Al Nd,1 1,0.067708333,0.235,3,54000000000,20.31532304,IM
Al0.5CoCrCuFeNiTi1.4 ,7,Al Co Cr Cu Fe Ni Ti,0.5 1 1 1 1 1 1.4,0.069377252,0.147642682,7.405797101,1.48E+11,237.8935821,IM+SS
Gd50Al24Co20Y6,4,Gd Al Co Y,50 24 20 6,0.144709828,0.278101852,4.2,75700000000,50.68989921,AM
Al0.5CoCrCuFeNiV1.0 ,7,Al Co Cr Cu Fe Ni V,0.5 1 1 1 1 1 1.0,0.040357597,0.120791277,7.769230769,1.58E+11,647.9011195,IM+SS
B6Co20In3,3,B Co In,6 20 3,0.177770874,0.076243555,7.137931034,1.94E+11,140.6826834,IM
HfNbTiZr,4,Hf Nb Ti Zr,1 1 1 1,0.048723866,0.129687123,4.25,1.15E+11,1292.719492,SS
Cu54Ni6Zr22Ti18,4,Cu Ni Zr Ti,54 6 22 18,0.099427646,0.242618713,8.14,1.22E+11,105.0285221,AM
Ni50Nb20Hf2.5Ti17.5,4,Ni Nb Hf Ti,50 20 2.5 17.5,0.078862519,0.182803949,7.555555556,1.62E+11,67.85034904,AM
Fe3W2,2,Fe W,3 2,0.047798623,0.259645913,7.2,2.26E+11,0,IM
Y36Sc20Al24Co20,4,Y Sc Al Co,36 20 24 20,0.13550695,0.251457829,4.2,80400000000,61.57153967,AM
FeCoNiCrCuAl0.5,6,Fe Co Ni Cr Cu Al,1 1 1 1 1 0.5,0.041692079,0.109325505,8.272727273,1.58E+11,1968.105626,SS
MgZn2,2,Mg Zn,1 2,0.066346617,0.160277537,8.666666667,61666666667,137.7472354,IM
Ni45Ti20Zr27Al8,4,Ni Ti Zr Al,45 20 27 8,0.107461264,0.246143942,6.62,1.28E+11,49.55076903,AM
Al3Yb,2,Al Yb,3 1,0.077416547,0.220836478,3,64750000000,36.48064903,IM
Cu4MgSn,3,Cu Mg Sn,4 1 1,0.112927833,0.225419362,8.333333333,1.11E+11,1275.161783,IM
Co0.5CrFeMn1.5Ni ,5,Co Cr Fe Mn Ni,0.5 1 1 1.5 1,0.037337176,0.146359147,7.8,1.56E+11,684.6287119,IM+SS
Ni50Nb20Hf10Ti20,4,Ni Nb Hf Ti,50 20 10 20,0.087938922,0.212134391,7.2,1.57E+11,74.21986355,AM
Al3Ca8,2,Al Ca,3 8,0.132562915,0.271670681,2.272727273,33090909091,39.34565319,IM
FeCoNiMnMo,5,Fe Co Ni Mn Mo,1 1 1 1 1,0.042149755,0.194792197,8,1.76E+11,782.347769,IM+SS
Al2CrCuFeNi2,5,Al Cr Cu Fe Ni,2 1 1 1 2,0.062974937,0.132434042,7.285714286,1.40E+11,245.2861415,IM
MgNi4Y,3,Mg Ni Y,1 4 1,0.15912221,0.30516389,7.5,1.34E+11,85.87093296,IM
AlCrTaTiZr,5,Al Cr Ta Ti Zr,1 1 1 1 1,0.07857283,0.113384302,4.4,1.23E+11,168.5479025,AM
Al5Co2,2,Al Co,5 2,0.059239521,0.121973567,4.714285714,1.06E+11,45.20355768,IM
Ca2Mg6Zn3,3,Ca Mg Zn,2 6 3,0.119248417,0.218352206,4.727272727,46727272727,97.60564925,IM
Cu0.76Si0.24,2,Cu Si,0.76 0.24,0.042776756,0,9.32,1.30E+11,57.11734509,IM
Gd36Al24Co20Nd20,4,Gd Al Co Nd,36 24 20 20,0.135264301,0.289969378,4.2,74320000000,69.15201822,AM
La66Al14Cu20,3,La Al Cu,66 14 20,0.152377934,0.332968527,4.6,57120000000,41.06252195,AM
CuAlNiCoCrFeSi,7,Cu Al Ni Co Cr Fe Si,1 1 1 1 1 1 1,0.061258363,0.115846485,7.285714286,1.44E+11,169.0176279,SS
AlMnSi,3,Al Mn Si,1 1 1,0.089262097,0.152825245,4.666666667,98666666667,41.09342721,IM
CoFeNi2V0.5Nb0.75,5,Co Fe Ni V Nb,1 1 2 0.5 0.75,0.050580504,0.11890849,8.238095238,1.75E+11,183.1403202,IM+SS
FeSi2,2,Fe Si,1 1,0.036758563,0.035,6,1.35E+11,34.63755484,IM
Ag2Ga3,2,Ag Ga,2 3,0.018372906,0.058787754,6.2,73600000000,94.742937,IM
Al85.8Co9.1Y5.1,3,Al Co Y,85.8 9.1 5.1,0.069566942,0.119871171,3.546,83679000000,40.64631818,AM
CoCrCuFeZr0.8 ,5,Co Cr Cu Fe Zr,1 1 1 1 0.8,0.099335677,0.201097251,7.75,1.47E+11,304.556572,AM+IM
B6Ni20Ti3,3,B Ni Ti,6 20 3,0.165267647,0.132397628,7.931034483,2.02E+11,53.554424,IM
Co2Mo1.75Ni2VW1.75,5,Co Mo Ni V W,2 1.75 2 1 1.75,0.042011454,0.230550717,7.529411765,2.15E+11,572.3457697,IM+SS
Al3Nb10Ni9,3,Al Nb Ni,3 10 9,0.066679566,0.151316536,6.772727273,1.61E+11,65.49642733,IM
AlCo1.5CrCu0.5FeNi,6,Al Co Cr Cu Fe Ni,1 1.5 1 0.5 1 1,0.053348519,0.117780398,7.666666667,1.54E+11,371.3288622,SS
Cr45Co34Nb7B14,4,Cr Co Nb B,45 34 7 14,0.133726928,0.146961083,6.53,1.90E+11,123.6008105,AM
AlCoCrFeNiTi,6,Al Co Cr Fe Ni Ti,1 1 1 1 1 1,0.072207879,0.141352593,6.666666667,1.46E+11,143.5458401,IM+SS
Mg50Ni50,2,Mg Ni,50 50,0.124692659,0.3,6,1.13E+11,229.6916471,AM
HoDyYGdTb,5,Ho Dy Y Gd Tb,1 1 1 1 1,0.008091442,0.048,3,39740000000,0,SS
Al2TiVCrCuFeMnCoNi,9,Al Ti V Cr Cu Fe Mn Co Ni,2 1 1 1 1 1 1 1 1,0.062715627,0.14239382,6.6,1.37E+11,229.2154613,SS
La55Al25Ni5Cu15,4,La Al Ni Cu,55 25 5 15,0.160356368,0.332995495,4.55,64400000000,40.99682839,AM
Co0.5Cr0.5Fe0.5NiAlMnV0.5,7,Co Cr Fe Ni Al Mn V,0.5 0.5 0.5 1 1 1 0.5,0.05559264,0.142562267,6.8,1.42E+11,192.7237123,SS
Cu3MgSi,3,Cu Mg Si,3 1 1,0.113647474,0.236,7.8,1.13E+11,86.29011679,IM
Al2Ce,2,Al Ce,2 1,0.118529736,0.230988215,3,58000000000,18.45434639,IM
Bi2Mg3,2,Bi Mg,2 3,0.054660413,0.347827543,3.2,39400000000,54.09892117,IM
Zr42.63Ti12.37Cu11.25Ni10Be23.75,5,Zr Ti Cu Ni Be,42.63 12.37 11.25 10 23.75,0.142199464,0.217392708,4.9125,1.08E+11,73.41918571,AM
Cu17Sn3,2,Cu Sn,17 3,0.091866716,0.021424285,9.95,1.28E+11,145.6234584,IM
Al6CuMg4,3,Al Cu Mg,6 1 4,0.06856518,0.183109054,3.363636364,70545454545,406.7038229,IM
Mg65Ni20Nd15,3,Mg Ni Nd,65 20 15,0.094776924,0.259624248,3.75,70050000000,125.9674863,AM
ZrHfTiCuCo,5,Zr Hf Ti Cu Co,1 1 1 1 1,0.102415552,0.258611678,6.4,1.22E+11,132.7617943,AM
Ce57Al10Ni12.5Cu15.5Nb5,5,Ce Al Ni Cu Nb,57 10 12.5 15.5 5,0.158234464,0.349571849,5.215,72840000000,71.80464379,AM
Al11Mn4,2,Al Mn,11 4,0.025715132,0.026532998,4.066666667,87733333333,42.51599345,IM
Al1.5CoCrCu0.5FeNi,6,Al Co Cr Cu Fe Ni,1.5 1 1 0.5 1 1,0.061149968,0.125263611,7.166666667,1.46E+11,274.8988345,SS
CoFeMnNiV,5,Co Fe Mn Ni V,1 1 1 1 1,0.034408139,0.143387587,7.8,1.62E+11,323.6479051,SS
Mg65Cu25Y10,3,Mg Cu Y,65 25 10,0.10557074,0.262016698,4.35,68350000000,167.9607179,AM
Al9Mn4Si3,3,Al Mn Si,9 4 3,0.077075001,0.122956738,4.1875,91500000000,44.27704879,IM
AlBeTi,3,Al Be Ti,1 1 1,0.112538012,0.028674418,3,1.05E+11,60.89704047,IM
CuTiZn,3,Cu Ti Zn,1 1 1,0.055165568,0.150628314,9,1.07E+11,142.9909572,IM
Pd77Cu6Si17,3,Pd Cu Si,77 6 17,0.063041941,0.126249752,9.04,1.64E+11,37.06764408,AM
Cu53.2Zr41.8Al5,3,Cu Zr Al,53.2 41.8 5,0.110625144,0.275908649,7.674,1.08E+11,58.15938824,AM
Ag4Sn,2,Ag Sn,4 1,0.047297297,0.012,9.6,91600000000,283.8115748,IM
CuCoNiCrAl0.8Fe,6,Cu Co Ni Cr Al Fe,1 1 1 1 0.8 1,0.049216676,0.115776857,8,1.54E+11,818.2859273,SS
Al2Ru,2,Al Ru,2 1,0.031636381,0.278128667,4.666666667,1.24E+11,50.85225349,IM
Al2Mn,2,Al Mn,2 1,0.027519106,0.028284271,4.333333333,90666666667,42.53681808,IM
AlCoCr0.5Cu0.5FeNi,6,Al Co Cr Cu Fe Ni,1 1 0.5 0.5 1 1,0.056983974,0.118558003,7.7,1.51E+11,336.5599029,SS
AlCoCrCu0.5FeNi0.5,6,Al Co Cr Cu Fe Ni,1 1 1 0.5 1 0.5,0.056845453,0.119503138,7.3,1.49E+11,395.4932743,SS
Ho35Al24Co20Y21,4,Ho Al Co Y,35 24 20 21,0.139546791,0.266781165,4.2,76850000000,62.77914357,AM
FeNi2CrCuAl0.8,5,Fe Ni Cr Cu Al,1 2 1 1 0.8,0.049557717,0.119625854,8.172413793,1.54E+11,553.1401467,SS
CuMg2,2,Cu Mg,1 2,0.101962272,0.278128667,5,76666666667,254.9056244,IM
Ni57.5Zr24Nb11Al7.5,4,Ni Zr Nb Al,57.5 24 11 7.5,0.109887013,0.244375449,7.485,1.45E+11,49.32268503,AM
TiZrNbMoV1.5,5,Ti Zr Nb Mo V,1 1 1 1 1.5,0.070059046,0.262054817,4.818181818,1.49E+11,1388.912876,SS
ZrTi,2,Zr Ti,50 50,0.046003263,0.105,4,90416666667,0,AM
BCaNi4,3,B Ca Ni,1 1 4,0.263224514,0.352041664,7.5,1.76E+11,92.4757037,IM
Al8Mn5,2,Al Mn,8 5,0.028485858,0.029190255,4.538461538,92923076923,42.91707218,IM
AlCoCrCu0.5Fe1.5Ni,6,Al Co Cr Cu Fe Ni,1 1 1 0.5 1.5 1,0.053707931,0.115623311,7.583333333,1.54E+11,408.3278255,SS
TaNbVTiAl0.25,5,Ta Nb V Ti Al,1 1 1 1 0.25,0.038324397,0.05017616,4.647058824,1.55E+11,776.3342956,SS
Al20Li20Mg10Sc20Ti30,5,Al Li Mg Sc Ti,20 20 10 20 30,0.051625095,0.225435135,2.8,66300000000,5118.355322,SS
Ag2Al,2,Ag Al,2 1,0.004253766,0.150849447,8.333333333,92000000000,203.0876027,IM
B2CoW2,3,B Co W,2 1 2,0.224540442,0.192,5.4,2.88E+11,104.9918391,IM
CuZr,2,Cu Zr ,50 50,0.112808053,0.285,7.5,1.05E+11,52.52503585,AM
CdSn10,2,Cd Sn,1 10,0.009254752,0.077619543,4.727272727,56545454545,0,IM
Al21Cu2Mn3,3,Al Cu Mn,21 2 3,0.032839485,0.081534833,4.076923077,86000000000,88.99525235,IM
Ti50Ni20Cu25Sn3Be7,5,Ti Ni Cu Sn Be,50 20 25 3 7,0.088739237,0.18184756,6.676190476,1.30E+11,104.4072763,AM
AlCo0.5CrCu0.5FeNi,6,Al Co Cr Cu Fe Ni,1 0.5 1 0.5 1 1,0.057070382,0.12239281,7.4,1.49E+11,362.6513595,SS
Zr46.75Ti8.25Cu7.5Ni10Be27.5,5,Zr Ti Cu Ni Be,46.75 8.25 7.5 10 27.5,0.14876022,0.208811265,4.575,1.06E+11,64.0287244,AM
Al7Cu3Mg6,3,Al Cu Mg,7 3 6,0.080587476,0.21480278,4.125,76375000000,423.7878513,IM
CdIn3Na2,3,Cd In Na,1 3 2,0.083774199,0.391382876,3.833333333,25765000000,110.6311913,IM
Al0.5CoCrCuFeNiTi2.0 ,7,Al Co Cr Cu Fe Ni Ti,0.5 1 1 1 1 1 2.0,0.073088923,0.153631594,7.133333333,1.45E+11,198.779108,IM+SS
Sm2Fe17Ni3,3,Sm Fe Ni,2 17 3,0.126309038,0.195096924,7.818181818,1.59E+11,454.9359184,IM
NaZn13,2,Na Zn,1 13,0.083321563,0.185428351,11.21428571,65450000000,108.2552223,IM
CoCrFeNiAl0.4MnV,7,Co Cr Fe Ni Al Mn V,1 1 1 1 0.4 1 1,0.043208028,0.135669636,7.21875,1.56E+11,331.466583,IM
Ni45Ti20Zr35,3,Ni Ti Zr,45 20 35,0.11328335,0.26151673,6.7,1.28E+11,46.09058959,AM
Ni39.8Cu5.97Ti15.92Zr29.86Al9.95Si0.5,6,Ni Cu Ti Zr Al Si,39.8 5.97 15.92 29.86 9.95 0.5,0.1084412,0.249713613,6.653333333,1.24E+11,58.41804509,AM
Al3In,2,Al In,3 1,0.037859034,0.073612159,3,65332500000,86.49678533,IM
FeSi2,2,Fe Si,1 2,0.035086212,0.032998316,5.333333333,1.23E+11,35.36063529,IM
Co2V3,2,Co V,2 3,0.02468478,0.122474487,6.6,1.68E+11,101.0018253,IM
Sb3Y4,2,Sb Y,3 4,0.146013213,0.410743477,3.857142857,41428571429,14.50999372,IM
Co0.5Cr0.5Fe0.5NiAlMnV,7,Co Cr Fe Ni Al Mn V,0.5 0.5 0.5 1 1 1 1,0.052998247,0.138056163,6.636363636,1.44E+11,195.6773435,SS
Cu0.5NiAlCoCrFeTi,7,Cu Ni Al Co Cr Fe Ti,0.5 1 1 1 1 1 1,0.069893208,0.142475992,7,1.46E+11,190.290825,AM
Cr50Co29Nb7B14,4,Cr Co Nb B,50 29 7 14,0.133713301,0.147581029,6.38,1.89E+11,123.7767662,AM
AuPb3,2,Au Pb,1 3,0.07971782,0.090932667,5.75,89500000000,294.209999,IM
AlNi6Ta,3,Al Ni Ta,1 6 1,0.061991805,0.156159974,8.5,1.70E+11,66.0541875,IM
Mg65Cu20Ni5Gd10,4,Mg Cu Ni Gd,65 20 5 10,0.107344199,0.264690385,4.3,70050000000,187.0890316,AM
B2Co3Zr,3,B Co Zr,2 3 1,0.235413601,0.239751028,6.166666667,2.08E+11,44.98647039,IM
Al0.8CrCuFe1.5MnNi,6,Al Cr Cu Fe Mn Ni,0.8 1 1 1.5 1 1,0.050815514,0.138790441,7.682539683,1.45E+11,872.1602568,SS
B2MgNi7,3,B Mg Ni,2 1 7,0.180114245,0.195509591,7.8,1.95E+11,95.45843862,IM
Ag5Sn,2,Ag Sn,5 1,0.044241028,0.01118034,9.833333333,93000000000,300.9627223,IM
Ni62Zr28Nb7Al3,4,Ni Zr Nb Al,62 28 7 3,0.11603108,0.257548811,7.76,1.46E+11,42.24797639,AM
Ce70Al10Ni10Cu10,4,Ce Al Ni Cu,70 10 10 10,0.141207767,0.323765347,4.5,55000000000,43.1147482,AM
Ni55Nb20Hf10Ti15,4,Ni Nb Hf Ti,55 20 10 15,0.088616557,0.21237408,7.5,1.61E+11,71.19879555,AM
Cu51Hf14,2,Cu Hf,51 14,0.091855546,0.246653339,9.492307692,1.34E+11,72.7708848,IM
CoCrCuFeNiTi2,6,Co Cr Cu Fe Ni Ti,1 1 1 1 1 2,0.07240603,0.154774358,7.428571429,1.50E+11,226.3270447,AM+IM
NbCrFeMnCoNi,6,Nb Cr Fe Mn Co Ni,1 1 1 1 1 1,0.054946307,0.140643363,7.5,1.63E+11,292.5545044,IM+SS
Tb36Al24Co20Y20,4,Tb Al Co Y,36 24 20 20,0.141642517,0.309092607,4.2,76372000000,59.69501975,AM
Al5CuTi2,3,Al Cu Ti,5 1 2,0.038894433,0.106704909,4.25,92500000000,55.22566395,IM
CdMg,2,Cd Mg,1 1,0.01041338,0.19,7,43500000000,87.63806383,IM
CoCrFeNiAlNb0.1,6,Co Cr Fe Ni Al Nb,1 1 1 1 1 0.1,0.059188612,0.12190182,7.156862745,1.54E+11,214.3590312,SS
CuGeLi2,3,Cu Ge Li,1 1 2,0.094090991,0.489048822,4.25,40500000000,39.94078725,IM
BeCuNiTiVZr,6,Be Cu Ni Ti V Zr,1 1 1 1 1 1,0.115004837,0.204667752,6,1.32E+11,130.755687,AM+IM
AlMo,2,Al Mo,1 1,0.024686941,0.275,4.5,1.53E+11,265.4386335,IM
Al4Cu3,2,Al Cu,4 3,0.055790802,0.143512781,6.428571429,1.03E+11,777.5240267,IM
FeCoNiCrCuAl2.8,6,Fe Co Ni Cr Cu Al,1 1 1 1 1 2.8,0.065658878,0.131165814,6.717948718,1.34E+11,240.658075,SS
ZrHfTiCuFe,5,Zr Hf Ti Cu Fe,1 1 1 1 1,0.104324491,0.247951608,6.2,1.20E+11,198.0049601,AM
Co63Fe9Zr8B20,4,Co Fe Zr B,63 9 8 20,0.1751633,0.171092811,7.31,1.98E+11,71.32747563,AM
GdTbDyTmLu,5,Gd Tb Dy Tm Lu,1 1 1 1 1,0.050718319,0.059126982,3,42140000000,0,SS
Be17Ti2,2,Be Ti,17 2,0.088123888,0.009206766,2.210526316,1.28E+11,47.64037662,IM
Ni61Zr27Nb8Al4,4,Ni Zr Nb Al,61 27 8 4,0.114571912,0.254386399,7.7,1.46E+11,44.195386,AM
Al0.8CrCuFeMn1.5Ni,6,Al Cr Cu Fe Mn Ni,0.8 1 1 1 1.5 1,0.0505464,0.147082144,7.603174603,1.41E+11,671.4120348,SS
Ca7Mg6Si14,3,Ca Mg Si,7 6 14,0.238544475,0.39311042,3.037037037,66259259259,34.39161002,IM
Cu60Zr30Ti10,3,Cu Zr Ti,60 30 10,0.105535828,0.259963459,8.2,1.16E+11,79.0097263,AM
FeNiCrMnTi,5,Fe Ni Cr Mn Ti,1 1 1 1 1,0.065935799,0.148781719,7,1.48E+11,222.4854005,IM+SS
CoCrFeNiNb0.65,5,Co Cr Fe Ni Nb,1 1 1 1 0.65,0.049750744,0.117740708,7.795698925,1.72E+11,262.0872579,IM+SS
Ni40Cu6Ti16Zr28Al10,5,Ni Cu Ti Zr Al,40 6 16 28 10,0.107382417,0.247986209,6.72,1.25E+11,58.59120259,AM
La55Al25Ni10Cu10,4,La Al Ni Cu,55 25 10 10,0.161917819,0.333770505,4.5,66400000000,40.50347296,AM
Ni60Zr28Nb7Al5,4,Ni Zr Nb Al,60 28 7 5,0.115247253,0.256472591,7.62,1.44E+11,43.47043316,AM
AlCrCuFeNiTi,6,Al Cr Cu Fe Ni Ti,1 1 1 1 1 1,0.070092151,0.144846662,7,1.39E+11,217.4418109,SS
FeCoNiCrCuAl2.0,6,Fe Co Ni Cr Cu Al,1 1 1 1 1 2.0,0.062570461,0.128444382,7.142857143,1.40E+11,309.1004558,SS
Cu47Ti34Zr11Ni8,4,Cu Ti Zr Ni,47 34 11 8,0.086264529,0.214113311,7.77,1.25E+11,126.1987764,AM
Ti1Zr1Cu1Ni1Be1,5,Ti Zr Cu Ni Be,1 1 1 1 1,0.12527682,0.224053565,6.2,1.26E+11,92.76376476,AM
Cu51.5Zr40.5Al8,3,Cu Zr Al,51.5 40.5 8,0.108847255,0.271608353,7.525,1.07E+11,59.40038843,AM
TiZrNbMoV0.75,5,Ti Zr Nb Mo V,1 1 1 1 0.75,0.067275694,0.281855742,4.789473684,1.48E+11,1417.532844,SS
AlCrNbTiV,5,Al Cr Nb Ti V,1 1 1 1 1,0.059023492,0.039698866,4.6,1.35E+11,220.7996272,IM
NbTiVZr,4,Nb Ti V Zr,1 1 1 1,0.070483977,0.117153745,4.5,1.28E+11,12479.42184,SS
FeCoNiCrCuAl2.3,6,Fe Co Ni Cr Cu Al,1 1 1 1 1 2.3,0.06402995,0.129795515,6.97260274,1.38E+11,277.1213104,SS
Ni55Nb20Hf5Ti20,4,Ni Nb Hf Ti,55 20 5 20,0.082439846,0.193604623,7.5,1.61E+11,69.03925567,AM
Nd60Al15Ni10Cu10Fe5,5,Nd Al Ni Cu Fe,60 15 10 10 5,0.108609644,0.327759058,4.75,71100000000,57.74407595,AM
Cu3Sb,2,Cu Sb,3 1,0.017441255,0.064951905,9.5,1.16E+11,133.2758394,IM
Pd75Si25,2,Pd Si,75 25,0.072852459,0.129903811,8.5,1.60E+11,24.43993742,AM
CoCrFeNiTi0.5 ,5,Co Cr Fe Ni Ti,1 1 1 1 0.5,0.05331036,0.126705647,7.777777778,1.66E+11,257.1557766,IM+SS
La55Al25Ni20,3,La Al Ni,55 25 20,0.164996524,0.335312914,4.4,70400000000,33.12930367,AM
Al11Cu11Mg4,3,Al Cu Mg,11 11 4,0.081527091,0.208731375,6.230769231,98307692308,559.5169659,IM
FeNiCoSiCrAlTi,7,Fe Ni Co Si Cr Al Ti,1 1 1 1 1 1 1,0.080766107,0.142571142,6.285714286,1.39E+11,95.63909113,SS
FeCrMnNiCo,5,Fe Cr Mn Ni Co,1 1 1 1 1,0.032694636,0.138361844,8,1.62E+11,696.8556652,SS
AgTi3,2,Ag Ti,1 3,0.005049711,0.168874954,5.75,1.08E+11,661.487015,IM
CuEr,2,Cu Er,1 1,0.157547792,0.33,7,92000000000,47.13054257,IM
Zr66Al8Ni26,3,Zr Al Ni,66 8 26,0.103809205,0.252463383,5.48,99630000000,35.61305208,AM
Ti45Cu25Ni15Sn3Be7Zr5,6,Ti Cu Ni Sn Be Zr,45 25 15 3 7 5,0.09479659,0.195153555,6.51,1.26E+11,115.0012025,AM
Co2Mo0.5Ni2VW0.5,5,Co Mo Ni V W,2 0.5 2 1 0.5,0.035703416,0.188274327,8.166666667,1.92E+11,335.8172144,IM+SS
Cu59.6Zr36.9Al3.5,3,Cu Zr Al,59.6 36.9 3.5,0.110629231,0.272433789,8.137,1.12E+11,57.16713582,AM
Al4Ca,2,Al Ca,4 1,0.141225337,0.244,2.8,64200000000,37.91236415,IM
Ni60Zr27Nb8Al5,4,Ni Zr Nb Al,60 27 8 5,0.114185823,0.253856337,7.63,1.45E+11,44.74428062,AM
Al22Fe3Ti8,3,Al Fe Ti,22 3 8,0.041205297,0.074690669,3.696969697,92787878788,44.39977028,IM
NiCoFeCrMo0.1Al0.3,5,Ni Co Fe Cr Mo Al,1 1 1 1 0.1 0.3,0.014656299,0.108961896,8.195121951,1.74E+11,713.0887448,SS
AuBe5,2,Au Be,1 5,0.09914224,0.361497656,3.5,1.45E+11,0,IM
AlMn,2,Al Mn,1 1,0.029475198,0.03,5,98000000000,44.73480703,IM
Ni40Cu5Ti17Zr28Al10,5,Ni Cu Ti Zr Al,40 5 17 28 10,0.106962588,0.247055378,6.65,1.25E+11,57.73005598,AM
Cu47Ti33Zr11Ni8Si,5,Cu Ti Zr Ni Si,47 33 11 8 1,0.087681274,0.214155341,7.77,1.25E+11,119.681308,AM
Al0.5CoCrCuFeNiTi1.0 ,7,Al Co Cr Cu Fe Ni Ti,0.5 1 1 1 1 1 1.0,0.065347465,0.14138788,7.615384615,1.50E+11,287.3588424,IM+SS
AlCoCrFeNi2.1,5,Al Co Cr Fe Ni,1 1 1 1 2.1,0.053807053,0.120375208,7.704918033,1.58E+11,220.0003569,IM+SS
CoZn,2,Co Zn,1 1,0.054421769,0.115,10.5,1.25E+11,170.5613405,IM
Cr2Mn11,2,Cr Mn,2 11,0.027307585,0.039688133,6.846153846,1.26E+11,668.1266353,IM
Al0.3NbTa0.8Ti1.4V0.2Zr1.3,6,Al Nb Ta Ti V Zr,0.3 1 0.8 1.4 0.2 1.3,0.053047552,0.106595309,4.34,1.26E+11,771.2085615,SS
CoCrFeNiCuAl0.5 ,6,Co Cr Fe Ni Cu Al,1 1 1 1 1 0.5,0.041692079,0.109325505,8.272727273,1.58E+11,1968.105626,IM+SS
AuCdSn,3,Au Cd Sn,1 1 1,0.048422536,0.354620298,9,1.07E+11,95.60398792,IM
Al4(TiVCrCuFeMnCoNi)6,9,Al Ti V Cr Cu Fe Mn Co Ni,6 1 1 1 1 1 1 1 1,0.062761859,0.128864745,5.571428571,1.20E+11,146.5049113,IM+SS
Cr6Fe18Mo5,3,Cr Fe Mo,6 18 5,0.035956752,0.155830787,7.24137931,1.78E+11,1400.926346,IM
CrMnFe1.5Ni0.5Al0.5 ,5,Cr Mn Fe Ni Al,1 1 1.5 0.5 0.5,0.051632523,0.128764308,7,1.47E+11,361.1377915,IM+SS
Ni61Zr27Nb7Al5,4,Ni Zr Nb Al,61 27 7 5,0.114578677,0.254342505,7.68,1.45E+11,43.63942647,AM
TiZrHfCuNi,5,Ti Zr Hf Cu Ni,1 1 1 1 1,0.103363704,0.265525893,6.6,1.22E+11,113.6579642,AM
CoFeReRu,4,Co Fe Re Ru,1 1 1 1,0.043717578,0.145150784,8,2.35E+11,2228.468185,SS
SrCaYbMgZn,5,Sr Ca Yb Mg Zn,1 1 1 1 1,0.152531711,0.255765518,4.2,34978787879,119.5468891,AM
CoCrMnNiV,5,Co Cr Mn Ni V,1 1 1 1 1,0.033312919,0.142912561,7.4,1.60E+11,330.9936127,SS
B6Co21V2,3,B Co V,6 21 2,0.152300645,0.096722755,7.482758621,2.08E+11,72.85265042,IM
Cu0.5NiAlCoCrFeSi,7,Cu Ni Al Co Cr Fe Si,0.5 1 1 1 1 1 1,0.063547119,0.117574099,7,1.44E+11,141.4808845,AM
AlCrCuFeNi,5,Al Cr Cu Fe Ni,1 1 1 1 1,0.056280862,0.124161186,7.6,1.45E+11,644.599197,SS
CoCrCuFeNiZr ,6,Co Cr Cu Fe Ni Zr,1 1 1 1 1 1,0.099876652,0.206512039,8,1.50E+11,226.8526679,AM+IM
CuNi2FeCrAl0.9,5,Cu Ni Fe Cr Al,1 2 1 1 0.9,0.051473308,0.121384809,8.084745763,1.52E+11,487.5954928,SS
Mg65Cu15Zn10Y10,4,Mg Cu Zn Y,65 15 10 10,0.094555407,0.227382387,4.45,61350000000,172.1215242,AM
Al0.5CoCrCuFeNiV0.6 ,7,Al Co Cr Cu Fe Ni V,0.5 1 1 1 1 1 0.6,0.04093038,0.117586817,7.950819672,1.58E+11,818.571258,IM+SS
FeCoNiCrCuAl0.3,6,Fe Co Ni Cr Cu Al,1 1 1 1 1 0.3,0.034226856,0.103682636,8.471698113,1.61E+11,19079.22912,SS
AlCo3CrCu0.5FeNi,6,Al Co Cr Cu Fe Ni,1 3 1 0.5 1 1,0.048828481,0.110493841,7.933333333,1.59E+11,376.6608424,SS
Zr66Al8Cu12Ni14,4,Zr Al Cu Ni,66 8 12 14,0.099572308,0.250543409,5.6,94830000000,53.47152509,AM
AlCo,2,Al Co,1 1,0.067461796,0.135,6,1.28E+11,49.27674513,IM
CoTi,2,Co Ti,1 1,0.077773682,0.17,6.5,1.45E+11,45.90862311,IM
AlCoCuNi,4,Al Co Cu Ni,1 1 1 1,0.058520188,0.124599358,8.25,1.44E+11,250.7130681,SS
Ti50Ni20Cu25Sn5,4,Ti Ni Cu Sn,50 20 25 5,0.08076088,0.185404962,6.95,1.29E+11,99.83823017,AM
Zr58.5Nb2.8Cu15.6Ni12.8Al10.3,5,Zr Nb Cu Ni Al,58.5 2.8 15.6 12.8 10.3,0.101110103,0.253052972,5.785,98905500000,63.68037122,AM
AlCoCrFeNiTi1.5,6,Al Co Cr Fe Ni Ti,1 1 1 1 1 1.5,0.074981813,0.145728125,6.461538462,1.43E+11,129.6839229,IM+SS
Al0.5CoCrCuFeNiTi1.2 ,7,Al Co Cr Cu Fe Ni Ti,0.5 1 1 1 1 1 1.2,0.067564849,0.144799967,7.507462687,1.49E+11,258.8771348,IM+SS
Fe73.5Si13.5B9Nb3Cu,5,Fe Si B Nb Cu,73.5 13.5 9 3 1,0.106166726,0.075999194,6.95,1.74E+11,67.03512507,SS
NbMoTaW,4,Nb Mo Ta W,1 1 1 1,0.023104619,0.363696302,5.5,2.28E+11,673.4724644,SS
BiCuMg,3,Bi Cu Mg,1 1 1,0.091859055,0.31030451,6,72000000000,1164.036024,IM
Au29Ag5.5Pd2.3Cu26.9Si16.3,5,Au Ag Pd Cu Si,29 5.5 2.3 26.9 16.3,0.085282886,0.303697468,9.545,1.59E+11,87.42661056,AM
Al2CoCrCu0.5FeNi,6,Al Co Cr Cu Fe Ni,2 1 1 0.5 1 1,0.064576019,0.128053243,6.846153846,1.40E+11,227.8268924,SS
AlBe4Mn,3,Al Be Mn,1 4 1,0.103826936,0.017950549,3,1.19E+11,191.7271356,IM
Ni50Nb50,2,Ni Nb,50 50,0.068411215,0.155,7.5,1.75E+11,51.73188461,AM
Mg65Cu25Gd10,3,Mg Cu Gd,65 25 10,0.105473258,0.263823331,4.35,68050000000,164.7644459,AM
Ni50Nb20Hf5Ti25,4,Ni Nb Hf Ti,50 20 5 25,0.082227802,0.194486503,7.2,1.57E+11,71.15990099,AM
Au2Pb,2,Au Pb,2 1,0.093996068,0.098994949,8.666666667,1.62E+11,390.8917049,IM
Ni57.5Zr35Al7.5,3,Ni Zr Al,57.5 35 7.5,0.120628776,0.27136645,7.375,1.34E+11,33.24755417,AM
MgNi2,2,Mg Ni,1 2,0.122659618,0.282842712,7.333333333,1.35E+11,261.3089571,IM
AlCu2Ti,3,Al Cu Ti,1 2 1,0.062505012,0.164373812,7.25,1.17E+11,116.2409901,IM
CuCoNiCrAl1.3Fe,6,Cu Co Ni Cr Al Fe,1 1 1 1 1.3 1,0.056863912,0.122938532,7.603174603,1.47E+11,457.1882414,SS
Cu2Sb,2,Cu Sb,2 1,0.018924114,0.070710678,9,1.07E+11,123.415096,IM
Al13Ru4,2,Al Ru,13 4,0.028281193,0.250267677,4.176470588,1.10E+11,47.91100656,IM
AlMoNbSiTaTiVZr,8,Al Mo Nb Si Ta Ti V Zr,1 1 1 1 1 1 1 1,0.086560415,0.240698852,4.5,1.40E+11,143.8123197,AM
B6Ni21Sb2,3,B Ni Sb,6 21 2,0.151921601,0.059264216,8.206896552,1.99E+11,100.905782,IM
FeCoNiCuAl,5,Fe Co Ni Cu Al,1 1 1 1 1,0.056094722,0.111462998,8.2,1.49E+11,463.2157394,SS
Ni57.5Zr30Nb5Al7.5,4,Ni Zr Nb Al,57.5 30 5 7.5,0.116152692,0.259867274,7.425,1.39E+11,41.79459596,AM
Be2Ti,2,Be Ti,2 1,0.127043392,0.014142136,2.666666667,1.23E+11,40.26747755,IM
Sr40Al20Co20Y20,4,Sr Al Co Y,40 20 20 20,0.209138042,0.369182882,3.8,64157575758,180.1845858,AM
Gd40Al24Co20Y16,4,Gd Al Co Y,40 24 20 16,0.144754321,0.27646743,4.2,76000000000,57.87307744,AM
Zr66Al8Cu7Ni19,4,Zr Al Cu Ni,66 8 7 19,0.101361866,0.251345877,5.55,96830000000,47.38211153,AM
AuPb2,2,Au Pb,1 2,0.088137956,0.098994949,6.333333333,1.04E+11,302.9668202,IM
YGdTbDyLu,5,Y Gd Tb Dy Lu,1 1 1 1 1,0.013719577,0.056,3,41340000000,0,SS
Al2B6Co20,3,Al B Co,2 6 20,0.161583745,0.102312546,7.285714286,2.03E+11,74.8938365,IM
FeNiCrCoAl2.5,5,Fe Ni Cr Co Al,1 1 1 1 2.5 ,0.068416796,0.127246674,6.230769231,1.35E+11,142.6306791,SS
Cu2Mg,2,Cu Mg,2 1,0.109884768,0.278128667,8,1.08E+11,289.4977826,IM
CoCrFeNiAl0.25,5,Co Cr Fe Ni Al,1 1 1 1 0.25,0.034780138,0.106026046,7.941176471,1.67E+11,411.0766165,SS
Au3In2,2,Au In,3 2,0.038818129,0.372322441,7.8,1.45E+11,62.09412132,IM
Al45Cr7,2,Al Cr,45 7,0.044380905,0.017065615,3.403846154,87307692308,93.36877747,IM
Sb3Y5,2,Sb Y,3 5,0.140619088,0.401822022,3.75,41375000000,15.18526313,IM
CuNi2FeCrAl0.4,5,Cu Ni Fe Cr Al,1 2 1 1 0.4,0.03859423,0.110398952,8.555555556,1.59E+11,1496.405452,SS
Al2CaSi2,3,Al Ca Si,2 1 2,0.210275543,0.328670047,3.2,73800000000,38.4461542,IM
Ti2CrCuFeCoNi,6,Ti Cr Cu Fe Co Ni,2 1 1 1 1 1,0.07240603,0.154774358,7.428571429,1.50E+11,226.3270447,IM+SS
Al0.5NbTa0.8Ti1.5V0.2Zr,6,Al Nb Ta Ti V Zr,0.5 1 0.8 1.5 0.2 1,0.049265412,0.099721412,4.3,1.27E+11,435.5608033,SS
TaNbVTiAl0.5,5,Ta Nb V Ti Al,1 1 1 1 0.5,0.037375048,0.049615808,4.555555556,1.51E+11,444.9226413,SS
CuNbNiTiZr,5,Cu Nb Ni Ti Zr,1 1 1 1 1,0.09258017,0.222225111,6.8,1.34E+11,149.8224845,AM
Ni65Nb5Cr5Mo5P14B6,6,Ni Nb Cr Mo P B,65 5 5 5 14 6,0.107040659,0.148501683,8.23,1.66E+11,68.89039088,AM
NbTaTiV,4,Nb Ta Ti V,1 1 1 1,0.039347075,0.050682837,4.75,1.60E+11,14090.29589,SS
AlB2,2,Al B,1 2,0.281737858,0.202703944,3,2.39E+11,0,IM
B2NiTa,3,B Ni Ta,2 1 1,0.247492994,0.221514672,5.25,2.55E+11,54.59377065,IM
CuNiCoFeMn,5,Cu Ni Co Fe Mn,1 1 1 1 1,0.031789341,0.134848063,9,1.58E+11,1496.735193,SS
CoCrCuFeMnNi,6,Co Cr Cu Fe Mn Ni,1 1 1 1 1 1,0.029966526,0.135820552,8.5,1.58E+11,2142.62112,SS
Al0.5CoCrFeNi,5,Al Co Cr Fe Ni,0.5 1 1 1 1,0.046023145,0.112546287,7.666666667,1.62E+11,307.5554519,SS
FeCoNiCrAlCu,6,Fe Co Ni Cr Al Cu,1 1 1 1 1 1,0.052811306,0.119082138,7.833333333,1.51E+11,611.1716551,IM+SS
Cu46Zr42Al7Y5,4,Cu Zr Al Y,46 42 7 5,0.118644069,0.28143438,7.1,1.02E+11,71.14195395,AM
Mo5Si3,2,Mo Si,5 3,0.079163568,0.125871959,5.25,1.81E+11,49.24802756,IM
Cu50Zr45Al5,3,Cu Zr Al,50 45 5,0.110454894,0.277432875,7.45,1.06E+11,58.16880667,AM
Zr41Ti14Cu12.5Ni10Be22.5,5,Zr Ti Cu Ni Be,41 14 12.5 10 22.5,0.139805008,0.219468625,5.025,1.09E+11,76.68350663,AM
CrSi2,2,Cr Si,1 2,0.038189733,0.113137085,4.666666667,1.20E+11,35.82972657,IM
Al3Zr4,2,Al Zr,3 4,0.055319516,0.138564065,3.571428571,73047619048,25.60480839,IM
MoSi2,2,Mo Si,1 2,0.080944358,0.122565175,4.666666667,1.43E+11,42.7601125,IM
AlTiVCrCuFeMnCoNi,9,Al Ti V Cr Cu Fe Mn Co Ni,1 1 1 1 1 1 1 1 1,0.06034157,0.145754741,7,1.44E+11,295.499368,SS
AuCu3,2,Au Cu,1 3,0.053839335,0.277128129,11,1.60E+11,112.6886307,IM
Gd46Al24Co20Y20,4,Gd Al Co Y,36 24 20 20,0.144772104,0.275806889,4.2,76120000000,59.58506845,AM
AlNbTiV,4,Al Nb Ti V,1 1 1 1,0.0394704,0.03354102,4.25,1.29E+11,166.5146405,SS
Mg6Pd,2,Mg Pd,6 1,0.050412957,0.311435124,3.142857143,64285714286,22.02766785,IM
Ni3Sn4,2,Ni Sn,3 4,0.126793306,0.024743583,6.571428571,1.10E+11,179.3709355,IM
Nd60Al10Ni10Cu16Fe4,5,Nd Al Ni Cu Fe,60 10 10 16 4,0.113487044,0.343804828,5.18,74000000000,62.76929353,AM
SrCaYbMgZn0.5Cu0.5,6,Sr Ca Yb Mg Zn Cu,1 1 1 1 0.5 0.5,0.163688622,0.305681206,4.1,41978787879,171.6808277,AM
Cu0.5Ti0.5CrFeCoNiAl0.5,7,Cu Ti Cr Fe Co Ni Al,0.5 0.5 1 1 1 1 0.5,0.059680175,0.130877521,7.636363636,1.55E+11,304.9527927,SS
Al4Li9,2,Al Li,4 9,0.026908604,0.290769231,1.615384615,31000000000,108.8983474,IM
CrNbTiZr ,4,Cr Nb Ti Zr,1 1 1 1,0.087813408,0.12437343,4.75,1.28E+11,623.7631477,IM+SS
Cu0.5NiCoCrAl0.5Fe2,6,Cu Ni Co Cr Al Fe,0.5 1 1 1 0.5 2,0.040841549,0.101854335,8,1.61E+11,827.0532628,SS
Mg2Ni9Y,3,Mg Ni Y,2 9 1,0.139676664,0.273621545,8.083333333,1.46E+11,114.4623009,IM
Cu2In,2,Cu In,2 1,0.096892183,0.056568542,8.333333333,1.04E+11,75.07581178,IM
Al4Cu5,2,Al Cu,4 5,0.056833548,0.144102159,7.444444444,1.12E+11,813.2300093,IM
CuNiCoFeCrAl0.5V0.2,7,Cu Ni Co Fe Cr Al V,1 1 1 1 1 0.5 0.2,0.041456981,0.112681576,8.157894737,1.58E+11,1271.229529,SS
AlCoCrCuFeMoNiTiV,9,Al Co Cr Cu Fe Mo Ni Ti V Zr,1 1 1 1 1 1 1 1 1,0.060852754,0.185738433,6.888888889,1.56E+11,365.843119,SS
AlCuMg,3,Al Cu Mg,1 1 1,0.091796511,0.240878024,5.333333333,87000000000,441.4004453,IM
Cu60Zr20Hf10Ti10,4,Cu Zr Hf Ti,60 20 10 10,0.103280651,0.264272587,8.2,1.20E+11,106.177956,AM
AlCoCrCuFeNiTiV,8,Al Co Cr Cu Fe Ni Ti V,1 1 1 1 1 1 1 1,0.063384349,0.140267601,7,1.47E+11,259.2726043,SS
AlCoCrFeNi,5,Al Co Cr Fe Ni,1 1 1 1 1,0.057778896,0.120565335,7.2,1.53E+11,220.0036308,IM+SS
Nd60Al10Ni10Cu10Fe10,5,Nd Al Ni Cu Fe,60 10 10 10 10,0.115754332,0.338214429,5,75800000000,75.44000642,AM
Mg80Ni10Nd10,3,Mg Ni Nd,80 10 10,0.069087087,0.192460386,2.9,57200000000,151.1310349,AM
Mg2Sm1,2,Mg Sm,2 1,0.058972593,0.065996633,2.333333333,42666666667,126.9507617,IM
B6Co21Sb2,3,B Co Sb,6 21 2,0.152900334,0.07266459,7.482758621,1.99E+11,107.3794598,IM
Cd5Li4Mg,3,Cd Li Mg,5 4 1,0.018269005,0.335255127,6.6,29900000000,46.42624053,IM
Al16Ru8Ti6,3,Al Ru Ti,16 8 6,0.032989908,0.270669951,4.533333333,1.21E+11,47.06522489,IM
Fe89Zr5B6,3,Fe Zr B,89 5 6,0.106093361,0.122442803,7.5,1.74E+11,72.32184971,SS
Al5Hf4Ni16,3,Al Hf Ni,5 4 16,0.09582442,0.229560972,7.64,1.48E+11,45.59114864,IM
AlCrMoTaTiZr,6,Al Cr Mo Ta Ti Zr,1 1 1 1 1 1,0.074763443,0.257272013,4.666666667,1.41E+11,247.7905108,AM
Mg17Sr2,2,Mg Sr,17 2,0.101927429,0.110481194,2,41515151515,209.0906702,IM
CrHfNbTiZr ,5,Cr Hf Nb Ti Zr,1 1 1 1 1,0.086265386,0.144996552,4.6,1.24E+11,925.8291589,IM+SS
BIn2Ni7,3,B In Ni,1 2 7,0.152853149,0.070007142,7.9,1.65E+11,294.9670727,IM
AuGa2,2,Au Ga,1 2,0.016732295,0.3441253,5.666666667,1.11E+11,24.41136524,IM
Co1.5Cr2Fe1.5NiAlMn2V ,7,Co Cr Fe Ni Al Mn V,1.5 2 1.5 1 1 2 1,0.048379564,0.133201914,6.95,1.50E+11,330.3031444,IM
Cr9Mo21Ni20,3,Cr Mo Ni,9 21 20,0.04422124,0.184119526,7.6,1.97E+11,355.7792274,IM
Al86Y4.5Ni8La1.5,4,Al Y Ni La,86 4.5 8 1.5,0.075581826,0.133957307,3.56,82025000000,38.38823381,AM
Al0.5CoCrCuFeNiTi0.4,7,Al Co Cr Cu Fe Ni Ti,0.5 1 1 1 1 1 0.4,0.054909985,0.126242176,7.983050847,1.55E+11,504.634759,SS
MnCrFe1.5Ni0.5Al0.3,5,Mn Cr Fe Ni Al,1 1 1.5 0.5 0.3,0.047027487,0.129693652,7.186046512,1.51E+11,473.1479856,SS
Ti50Ni24Cu20BSi2Sn3,6,Ti Ni Cu B Si Sn,50 24 20 1 2 3,0.090987912,0.186313285,6.83,1.33E+11,82.63219558,AM
B4Fe4Nd,3,B Fe Nd,4 4 1,0.251152365,0.268741925,5.222222222,2.21E+11,64.02798802,IM
Ca6.23Mg3.78Sn7,3,Ca Mg Sn,6.23 3.78 7,0.100146686,0.43053994,2.823045267,40094650206,27.08154179,IM
HfMoNbTiZr,5,Hf Mo Nb Ti Zr,1 1 1 1 1,0.060972711,0.309554519,4.6,1.38E+11,2458.61759,SS
Dy4Sb3,2,Dy Sb,4 3,0.138739051,0.410743477,3.857142857,41428571429,14.04874902,IM
Ni57.5Zr32Nb3Al7.5,4,Ni Zr Nb Al,57.5 32 3 7.5,0.118018115,0.264609599,7.405,1.37E+11,38.8787751,AM
Mg3Sm1,2,Mg Sm,3 1,0.054740453,0.060621778,2.25,43250000000,128.5295076,IM
Gd56Al24Co20,3,Gd Al Co,56 24 20,0.144683106,0.27907103,4.2,75520000000,42.05946742,AM
Ni3Sn,2,Ni Sn,3 1,0.120900896,0.021650635,8.5,1.50E+11,266.5974689,IM
CaAlZn,3,Ca Al Zn,1 1 1,0.165893148,0.297433466,5.666666667,54333333333,55.08770262,IM
Al0.5CrFeNiCoCuTi0.6,7,Al Cr Fe Ni Co Cu Ti,0.5 1 1 1 1 1 0.6,0.059215207,0.132308387,7.852459016,1.53E+11,391.8019831,SS
Cu10Sn3,2,Cu Sn,10 3,0.106191108,0.025279503,9.384615385,1.21E+11,126.1815395,IM
FeCoNiMnV,5,Fe Co Ni Mn V,1 1 1 1 1,0.034408139,0.143387587,7.8,1.62E+11,323.6479051,IM+SS
Al3Zr,2,Al Zr,3 1,0.050208627,0.121243557,3.25,74708333333,20.99559206,IM
Al8V5,2,Al V,8 5,0.040676892,0.009730085,3.769230769,1.08E+11,62.19706137,IM
Ag7Sb,2,Ag Sb,7 1,0.026584657,0.03968627,10.25,92750000000,256.9650543,IM
MgCu,2,Mg Cu,50 50,0.112191733,0.295,6.5,92500000000,263.4848827,AM
CaAl2Zn2,3,Ca Al Zn,1 2 2,0.14784248,0.252634123,6.4,61800000000,71.98676328,IM
Be3Nb,2,Be Nb,3 1,0.108320651,0.012990381,2.75,1.40E+11,55.70866836,IM
Cu4Ce,2,Cu Ce,4 1,0.15770506,0.312,9.4,1.16E+11,48.41750883,IM
SrCaYbMgZnCu,6,Sr Ca Yb Mg Zn Cu,1 1 1 1 1 1,0.181418082,0.349543353,5.333333333,52482323232,141.9084887,AM
Mg32Al24.5Zn24.5,3,Mg Al Zn,32 24.5 24.5,0.062373018,0.157207959,5.327160494,61938271605,373.2429187,IM
Co5Cr2Mo3,3,Co Cr Mo,5 2 3,0.04017462,0.177763888,7.5,1.91E+11,489.9357646,IM
Cu60.3Zr37.2Al2.5,3,Cu Zr Al,60.3 37.2 2.5,0.111180044,0.273636978,8.196,1.13E+11,55.96503753,AM
La55Al25Ni5Cu10Co5,5,La Al Ni Cu Co,55 25 5 10 5,0.16166711,0.331483031,4.45,66400000000,44.76548144,AM
Ca65Mg15Zn20,3,Ca Mg Zn,65 15 20,0.134526416,0.260312793,4,31800000000,62.27232667,AM
AlLa,2,Al La,1 1,0.13500453,0.255,3,52000000000,19.39416692,IM
TiZrNbMoV0.5,5,Ti Zr Nb Mo V,1 1 1 1 0.5,0.065542048,0.289524941,4.777777778,1.47E+11,1423.8408,SS
AlCrMnTiV,5,Al Cr Mn Ti V,1 1 1 1 1,0.056812817,0.04621688,5,1.25E+11,189.421973,IM
AlNi,2,Al Ni,1 1,0.069454817,0.15,6.5,1.28E+11,41.92705518,IM
Cu58.1Zr35.9Al6,3,Cu Zr Al,58.1 35.9 6,0.109164109,0.269049771,8.007,1.11E+11,59.29207199,AM
CrMnFe1.5Ni0.5Al1.2,5,Cr Mn Fe Ni Al,1 1 1.5 0.5 1.2,0.060300355,0.124976329,6.461538462,1.38E+11,222.7236113,SS
Ni57Zr20Ti18Pd5,4,Ni Zr Ti Pd,57 20 18 5,0.106578606,0.260517543,7.72,1.46E+11,47.73841104,AM
CoCuFeNiV,5,Co Cu Fe Ni V,1 1 1 1 1,0.022034208,0.10373042,8.6,1.66E+11,1271.4229,SS
Ti53Cu27Ni12Zr3Al7Si3B,7,Ti Cu Ni Zr Al Si B,53 27 12 3 7 3 1,0.086004211,0.185603324,6.386792453,1.24E+11,93.70497977,AM
AlCoCrCu0.5Ni,5,Al Co Cr Cu Ni,1 1 1 0.5 1,0.058053397,0.13114877,7.444444444,1.48E+11,251.7285262,SS
AlNi2Ti,3,Al Ni Ti,1 2 1,0.075052471,0.169318487,6.75,1.37E+11,45.70778576,IM
Ag5Cd8,2,Ag Cd,5 8,0.039350514,0.116761021,11.61538462,64307692308,295.8054121,IM
B4InNi15,3,B In Ni,4 1 15,0.162153915,0.062006048,8.25,2.01E+11,91.81672927,IM
FeCoNiCrCuAl3,6,Fe Co Ni Cr Cu Al,1 1 1 1 1 3.0,0.066100026,0.131475996,6.625,1.32E+11,229.7975663,SS
Zr41.2Ti13.8Cu12.5Ni10Be22.5,5,Zr Ti Cu Ni Be,41.2 13.8 12.5 10 22.5,0.139912901,0.219674138,5.025,1.09E+11,76.47996985,AM
CoCrCu0.5FeNi,5,Co Cr Cu Fe Ni,1 1 0.5 1 1,0.008353125,0.094568546,8.555555556,1.69E+11,5809.963387,SS
NiCoFeCrAl0.3,5,Ni Co Fe Cr Al,1 1 1 1 0.3,0.037575522,0.107516334,7.88372093,1.66E+11,383.3379418,SS
Nd60Al10Ni10Cu18Fe2,5,Nd Al Ni Cu Fe,60 10 10 18 2,0.112719829,0.345636861,5.24,73400000000,57.92898647,AM
CrCuFeMoNi,5,Cr Cu Fe Mo Ni,1 1 1 1 1,0.035802288,0.161170717,8.2,1.76E+11,691.8342296,SS
Mg75Ni15Nd10,3,Mg Ni Nd,75 15 10,0.0830859,0.227070474,3.3,63950000000,146.2326122,AM
Ag3Sn,2,Ag Sn,3 1,0.050899898,0.012990381,9.25,89500000000,263.0397619,IM
Al0.5CoCrCuFeNiTi0.8 ,7,Al Co Cr Cu Fe Ni Ti,0.5 1 1 1 1 1 0.8,0.062616077,0.137280024,7.73015873,1.52E+11,328.2187541,IM+SS
Cu0.5NiCoCrAl0.5Fe3,6,Cu Ni Co Cr Al Fe,0.5 1 1 1 0.5 3,0.038435999,0.094537003,8,1.63E+11,971.4370716,SS
AlCrTiVZr,5,Al Cr Ti V Zr,1 1 1 1 1,0.086809189,0.118760263,4.4,1.15E+11,148.3577016,IM
CuCoNiCrAl2.5Fe,6,Cu Co Ni Cr Al Fe,1 1 1 1 2.5 1,0.064784844,0.130459019,6.866666667,1.36E+11,260.5806465,SS
Ti2CrCuFeCoNi,6,Ti Cr Cu Fe Co Ni,2 1 1 1 1 1,0.07240603,0.154774358,7.428571429,1.50E+11,226.3270447,IM
AlCoCrCuFe0.5Ni,6,Al Co Cr Cu Fe Ni,1 1 1 1 0.5 1,0.054035009,0.123976804,7.818181818,1.49E+11,513.4933548,SS
AuCu,2,Au Cu,1 1,0.060294118,0.32,11,1.80E+11,103.7833871,IM
Fe91Hf7B2,3,Fe Hf B,91 7 2,0.084490513,0.139508387,7.62,1.69E+11,86.03896718,SS
AlSb,2,Al Sb,1 1,0.036929761,0.22,4,59000000000,318.3711646,IM
Ni57.5Zr26Nb9Al7.5,4,Ni Zr Nb Al,57.5 26 9 7.5,0.112094334,0.249763008,7.465,1.43E+11,46.96460775,AM
BCr2,2,B Cr,1 2,0.182850397,0.179133718,5,2.13E+11,51.65004482,IM
Cu43Zr43Al7Ag7,4,Cu Zr Al Ag,43 43 7 7,0.104648958,0.276279044,7.43,1.03E+11,73.46145579,AM
CrCuFeNiZr,5,Cr Cu Fe Ni Zr,1 1 1 1 1,0.106086283,0.217310837,7.8,1.44E+11,205.7570251,SS
AlCo3.5CrCu0.5FeNi,6,Al Co Cr Cu Fe Ni,1 3.5 1 0.5 1 1,0.047546288,0.108195425,8,1.61E+11,378.4648958,SS
AuSn4,2,Au Sn,1 4,0.044938147,0.232,5.4,90400000000,52.50550622,IM
Co1.5Cr0.5FeMn0.5Ni,5,Co Cr Fe Mn Ni,1.5 0.5 1 0.5 1,0.025893325,0.11805,8.444444444,1.69E+11,776.1118452,SS
Ni60Nb20Hf10Ti10,4,Ni Nb Hf Ti,60 20 10 10,0.088571907,0.21099763,7.8,1.64E+11,68.27470059,AM
Ce60Al10Ni10Cu20,4,Ce Al Ni Cu,60 10 10 20,0.15889284,0.356992997,5.3,66800000000,48.38967355,AM
AlCu2Mn,3,Al Cu Mn,1 2 1,0.047586315,0.161400124,8,1.19E+11,413.3297955,IM
AlCoCrCuNi,5,Al Co Cr Cu Ni,1 1 1 1 1,0.055242051,0.129522199,7.8,1.47E+11,390.938357,SS
Zr39.88Ti15.12Ni9.98Cu13.77Be21.25,5,Zr Ti Ni Cu Be,39.88 15.12 9.98 13.77 21.25,0.137644169,0.221818855,5.1377,1.10E+11,79.40615713,AM
Cu55Zr40Al5,3,Cu Zr Al,55 40 5,0.110505978,0.274515482,7.8,1.09E+11,58.22844503,AM
FeCoNi,3,Fe Co Ni,1 1 1,0.003276471,0.032998316,9,1.77E+11,1457.583855,SS
Cd3Cu4,2,Cd Cu,3 4,0.10234204,0.103923048,11.42857143,98000000000,119.7369813,IM
Al85.8Ni9.1Y5.1,3,Al Ni Y,85.8 9.1 5.1,0.070176939,0.126064237,3.637,83679000000,37.33377909,AM
B6CaNi11,3,B Ca Ni,6 1 11,0.246821208,0.227127119,7.222222222,2.18E+11,71.07076151,IM
HfB2,2,Hf B,1 2,0.333118049,0.348839345,3.333333333,2.50E+11,26.04644908,IM
CoCrMnNi,4,Co Cr Mn Ni,1 1 1 1,0.034469929,0.150499169,8,1.60E+11,453.3812694,SS
Al18Cr2Mg3,3,Al Cr Mg,18 2 3,0.056489644,0.103666252,3.130434783,79260869565,284.5100506,IM
Fe2Si,2,Fe Si,2 1,0.034236807,0.032998316,6.666666667,1.47E+11,36.20628984,IM
BNi3,2,B Ni,1 3,0.16188101,0.056291651,8.25,2.15E+11,58.82650434,IM
SmFe6Ti6N,4,Sm Fe Ti N,1 6 6 1,0.168733208,0.405599204,5.714285714,1.23E+11,38.61454532,IM
AlCoCrFeNb0.25Ni,6,Al Co Cr Fe Nb Ni,1 1 1 1 0.25 1,0.060986832,0.123615232,7.095238095,1.54E+11,204.0787442,IM+SS
AlCo2CrCu0.5FeNi,6,Al Co Cr Cu Fe Ni,1 2 1 0.5 1 1,0.051715835,0.115317929,7.769230769,1.56E+11,373.2129232,SS
Al2Li3Si2,3,Al Li Si,2 3 2,0.110750648,0.398881088,2.428571429,55000000000,155.826942,IM
Al17Sb3,2,Al Sb,17 3,0.025708537,0.157111425,3.3,70900000000,385.0036446,IM
Si2V,2,Si V,2 1,0.063643515,0.127279221,4.333333333,1.20E+11,27.63366586,IM
BCo2,2,B Co ,1 2,0.183481651,0.075424723,7,2.27E+11,58.51952132,IM
Zr70Pd30,2,Zr Pd,70 30,0.068084664,0.398684085,5.8,1.04E+11,16.28663802,AM
B2Mo2Ni,3,B Mo Ni,2 2 1,0.223251437,0.093037627,5.6,2.56E+11,81.35672205,IM
TiCrFeMnCoNi,6,Ti Cr Fe Mn Co Ni,1 1 1 1 1 1,0.062927534,0.151813116,7.333333333,1.53E+11,243.1536064,IM+SS
Pd95Si5,2,Pd Si,95 5,0.035474579,0.065383484,9.7,1.76E+11,34.59289581,AM
Cu2GeLi,3,Cu Ge Li,2 1 1,0.083485233,0.416675833,6.75,72750000000,67.47602965,IM
CoCrFeNiAlNb0.75,6,Co Cr Fe Ni Al Nb,1 1 1 1 1 0.75,0.065024412,0.127411335,6.913043478,1.55E+11,180.7021427,IM+SS
Ce68Al10Fe2Cu20,4,Ce Al Fe Cu,68 10 2 20,0.142649688,0.32821237,4.7,53960000000,46.76692109,AM
TiZrNbMo,4,Ti Zr Nb Mo,1 1 1 1,0.059880115,0.306950729,4.75,1.45E+11,1346.784972,SS
CaCu5,2,Ca Cu,1 5,0.186561732,0.335410197,9.5,1.20E+11,82.18080487,IM
Mg65Cu15Ag10Y10,4,Mg Cu Ag Y,65 15 10 10,0.091260148,0.267287766,4.35,64350000000,147.5666676,AM
CuDy,2,Cu Dy,1 1,0.162516383,0.34,7,90500000000,47.93380563,IM
Cu5Ce,2,Cu Ce,5 1,0.148889736,0.290688837,9.666666667,1.20E+11,50.59062168,IM
B6Ni21Ta2,3,B Ni Ta,6 21 2,0.157962479,0.122832214,8.206896552,2.10E+11,62.83725061,IM
Au9Sn,2,Au Sn,9 1,0.036580353,0.174,10.3,2.04E+11,113.2467172,IM
Al3Ru2,2,Al Ru,3 2,0.033025249,0.28903979,5,1.34E+11,53.50983566,IM
CoFeNiVMo0.6,5,Co Fe Ni V Mo,1 1 1 1 0.6,0.034440309,0.155114446,7.739130435,1.80E+11,335.3406131,IM+SS
B2CoMo2,3,B Co Mo,2 1 2,0.223498447,0.10307279,5.4,2.56E+11,83.30606688,IM
HfNbTaTiZr,5,Hf Nb Ta Ti Zr,1 1 1 1 1,0.049944175,0.118253964,4.4,1.32E+11,1492.872004,SS
Au46Ag5Cu29Si20,4,Au Ag Cu Si,46 5 29 20,0.086708413,0.317654199,9.6,1.67E+11,77.84428025,AM
AlRe2,2,Al Re,1 2,0.019275508,0.136707311,5.666666667,2.72E+11,208.2321623,IM
Al3V,2,Al V,3 1,0.035801478,0.008660254,3.5,97000000000,58.38222052,IM
AgZr,2,Ag Zr,1 1,0.05183727,0.3,7.5,85416666667,58.27513624,IM
B6Ni21Sn2,3,B Ni Sn,6 21 2,0.175813149,0.052422867,8.137931034,2.01E+11,93.15363159,IM
Fe81Si2B13Nb3Cu1,5,Fe Si B Nb Cu,81 2 13 3 1,0.123797851,0.083431109,7.21,1.88E+11,81.71731692,SS
Ce60Al15Ni15Cu10,4,Ce Al Ni Cu,60 15 15 10,0.154721258,0.34288482,4.85,65600000000,42.55859989,AM
MoNbTiVZr,5,Mo Nb Ti V Zr,1 1 1 1 1,0.068534137,0.274765354,4.8,1.48E+11,1408.021491,SS
La55Al25Ni15Cu5,4,La Al Ni Cu,55 25 15 5,0.163464401,0.334542972,4.45,68400000000,38.19277456,AM
BNi2,2,B Ni,1 2,0.181900657,0.061282588,7.666666667,2.27E+11,57.72387863,IM
Cu2In3Sn1,3,Cu In Sn,2 3 1,0.095938404,0.072801099,5.833333333,72998333333,92.45881931,IM
B6Ni21Zr2,3,B Ni Zr,6 21 2,0.173934264,0.162864518,8.137931034,2.01E+11,49.66907935,IM
Ti40Zr25Ni3Cu12Be20,5,Ti Zr Ni Cu Be,40 25 3 12 20,0.121747782,0.17550829,4.62,1.10E+11,98.9064214,AM
HfW2,2,Hf W,1 2,0.069202009,0.499688792,5.333333333,2.43E+11,393.684013,IM
Cu54Zr42.5Al3.5,3,Cu Zr Al,54 42.5 3.5,0.111504929,0.278065172,7.745,1.08E+11,57.08896968,AM
CoFeNi1.4VMo,5,Co Fe Ni V Mo,1 1 1.4 1 1,0.037059927,0.163622403,7.777777778,1.84E+11,357.9980744,IM+SS
AlCoCr1.5Cu0.5FeNi,6,Al Co Cr Cu Fe Ni,1 1 1.5 0.5 1 1,0.053413543,0.120473602,7.416666667,1.53E+11,392.9244825,SS
Al6CoMn,3,Al Co Mn,6 1 1,0.044375959,0.094198925,4.25,94500000000,56.1208188,IM
Cu52.5Zr42.5Al5,3,Cu Zr Al,52.5 42.5 5,0.110629219,0.276345685,7.625,1.07E+11,58.14748001,AM
Ti40Zr25Ni8Cu9Be18,5,Ti Zr Ni Cu Be,40 25 8 9 18,0.120055375,0.183251166,4.75,1.12E+11,94.27962523,AM
AlB12,2,Al B,1 12,0.188079328,0.114581823,3,3.01E+11,0,IM
Ni60Nb20Hf15Ti5,4,Ni Nb Hf Ti,60 20 15 5,0.094513272,0.228683187,7.8,1.64E+11,66.01247605,AM
CrCuFeMnNi,5,Cr Cu Fe Mn Ni,1 1 1 1 1,0.03197742,0.141844986,8.4,1.54E+11,1017.232215,SS
Cu3Ge,2,Cu Ge,3 1,0.012971606,0.047631397,9.25,1.05E+11,86.13849751,IM
Ni57Zr20Ti13Pd10,4,Ni Zr Ti Pd,57 20 13 10,0.105634554,0.274289974,8.02,1.49E+11,48.41162858,AM
Mg65Cu15Ag5Pd5Gd10,5,Mg Cu Ag Pd Gd,65 15 5 5 10,0.093637487,0.298062074,4.3,68050000000,92.19520653,AM
Cu4In,2,Cu In,4 1,0.084532374,0.048,9.4,1.19E+11,91.64917308,IM
Al0.5CoCrCu0.5FeNi2 ,6,Al Co Cr Cu Fe Ni,0.5 1 1 0.5 1 2,0.04054888,0.108509472,8.333333333,1.63E+11,557.2245958,IM+SS
AlCrCu0.5FeNi,5,Al Cr Cu Fe Ni,1 1 0.5 1 1,0.05918952,0.124136524,7.222222222,1.46E+11,334.3719106,SS
Al8Li5Mg2,3,Al Li Mg,8 5 2,0.0408656,0.286006993,2.2,50200000000,219.45478,IM
Sr46Al14Co20Y21,4,Sr Al Co Y,46 14 20 20,0.204941992,0.37155651,3.74,60311212121,367.8058319,AM
Al0.5CrCuFeNi2,5,Al Cr Cu Fe Ni,0.5 1 1 1 2,0.041996254,0.113093248,8.454545455,1.58E+11,1016.98574,SS
CoFeSiB,4,Co Fe Si B,1 1 1 1,0.156988976,0.077902182,6,1.93E+11,76.48728453,AM
Al0.5CoCrCuFeNiTi1.6 ,7,Al Co Cr Cu Fe Ni Ti,0.5 1 1 1 1 1 1.6,0.070864333,0.150013555,7.309859155,1.47E+11,221.8012891,IM+SS
AlCrMoSiTi,5,Al Cr Mo Si Ti,1 1 1 1 1,0.08678293,0.227824494,4.6,1.35E+11,91.02646475,IM
Al13Co4,2,Al Co,13 4,0.055258661,0.114529276,4.411764706,1.00E+11,45.07793903,IM
MoNbTaVW,5,Mo Nb Ta V W,1 1 1 1 1,0.031480181,0.343394817,5.4,2.14E+11,1027.681605,SS
Pt5Al3,2,Pt Al,5 3,0.015518142,0.324362355,7.375,1.72E+11,26.0764372,IM
FeNi2CrCuAl,5,Fe Ni Cr Cu Al,1 2 1 1 1,0.053170061,0.122972445,8,1.51E+11,438.4203615,SS
Cu2Ti,2,Cu Ti,2 1,0.064762393,0.169705627,8.666666667,1.30E+11,123.4980702,IM
Cu4Ti3,2,Cu Ti,4 3,0.067108307,0.178153797,8,1.27E+11,124.5336044,IM
Cu3Ti2,2,Cu Ti,3 2,0.066692233,0.176363261,8.2,1.28E+11,123.9355658,IM
W6Fe7,2,W Fe,6 7,0.048349418,0.264214813,7.076923077,2.35E+11,0,IM
Al31Cu16Ni14,3,Al Cu Ni,31 16 14,0.063157393,0.147355074,6.704918033,1.17E+11,128.8780572,IM
ZrHfTiAlCuNi,6,Zr Hf Ti Al Cu Ni,1 1 1 1 1 1,0.094373785,0.242447016,6,1.14E+11,92.74753994,IM+SS
B6Co2Nb2,3,B Co Nb,6 2 2,0.253785553,0.171580885,4.6,2.62E+11,53.02619678,IM
BFe14Nd2,3,B Fe Nd,1 14 2,0.134029966,0.232097402,7.117647059,1.63E+11,171.5420738,IM
NiCoFeCrAl0.375,5,Ni Co Fe Cr Al,1 1 1 1 0.375,0.04117134,0.109565375,7.8,1.64E+11,349.5889328,SS
NbTiV2Zr,4,Nb Ti V Zr,1 1 2 1,0.074805076,0.112889326,4.6,1.34E+11,2328.191025,SS
Ni46Ti20Zr23Al12,4,Ni Ti Zr Al,46 20 23 12,0.104109703,0.237342986,6.613861386,1.29E+11,49.49056195,AM
B6Mn2Ni21,3,B Mn Ni,6 2 21,0.152913573,0.111490816,8.344827586,2.05E+11,76.96722246,IM
TiZrNbMoV0.25,5,Ti Zr Nb Mo V,1 1 1 1 0.25,0.063163351,0.297856239,4.764705882,1.46E+11,1418.162112,SS
AlCoCrFeNiZr,6,Al Co Cr Fe Ni Zr,1 1 1 1 1 1,0.102379003,0.19997222,6.666666667,1.39E+11,114.3164577,AM+IM
Cu58.7Zr36.3Al3.5,3,Cu Zr Al,58.7 36.3 3.5,0.110590443,0.272327193,8.136040609,1.12E+11,57.22600201,AM
CoCrCuFeNi,5,Co Cr Cu Fe Ni,1 1 1 1 1,0.010332037,0.092217135,8.8,1.66E+11,889.6942601,SS
Al11Sm3,2,Al Sm,11 3,0.102513676,0.180543397,3,67857142857,20.74286605,IM
Cd10Cu3,2,Cd Cu,10 3,0.081397736,0.088478259,11.76923077,64615384615,97.68813864,IM
Ni60Nb20Hf5Ti15,4,Ni Nb Hf Ti,60 20 5 15,0.081853106,0.190934544,7.8,1.64E+11,67.28599978,AM
Al12Mg17,2,Al Mg,12 17,0.054363704,0.147753692,2.413793103,57827586207,324.0970534,IM
AlCe1,2,Al Ce,1 1,0.120663187,0.245,3,49000000000,18.28148329,IM
Ni57.5Zr28Nb7Al7.5,4,Ni Zr Nb Al,57.5 28 7 7.5,0.114180352,0.25492242,7.445,1.41E+11,44.46583661,AM
Zr17Ta16Ti19Nb22Si26,5,Zr Ta Ti Nb Si,17 16 19 22 26,0.110918364,0.195076677,4.38,1.28E+11,75.3562988,AM
Ce65Al12.5Ni12.5Cu10,4,Ce Al Ni Cu,65 12.5 12.5 10,0.148668041,0.33499403,4.675,60300000000,42.64076411,AM
Mg54Cu26.5Ag8.5Gd11,4,Mg Cu Ag Gd,54 26.5 8.5 11,0.110196544,0.295740084,5.26,74080000000,153.1081373,AM
CoCrFeNiAl1.17,5,Co Cr Fe Ni Al,1 1 1 1 1.17,0.060206608,0.122292978,7.061895551,1.51E+11,203.5996498,SS
CaZn13,2,Ca Zn,1 13,0.104163159,0.167400595,11.28571429,66214285714,31.86742016,IM
Bi2CaMg2,3,Bi Ca Mg,2 1 2,0.124063092,0.414217334,3.2,33800000000,32.56744397,IM
AlFe2Ti,3,Al Fe Ti,1 2 1,0.07704217,0.129879752,5.75,1.32E+11,78.54086973,IM
Al2La,2,Al La,2 1,0.133281354,0.240416306,3,60000000000,19.22067595,IM
Mg60Cu29Y10Si,4,Mg Cu Y Si,60 29 10 1,0.114128758,0.277517567,4.73,72700000000,149.3419526,AM
Pd77.5Cu6Si16.5,3,Pd Cu Si,77.5 6 16.5,0.062310989,0.125274698,9.07,1.64E+11,37.44191417,AM
Al0.5CoCrCuFeNiTi1.8 ,7,Al Co Cr Cu Fe Ni Ti,0.5 1 1 1 1 1 1.8,0.072086115,0.151989373,7.219178082,1.46E+11,209.0791831,IM+SS
AuSn2,2,Au Sn,1 2,0.053765488,0.273414622,6.333333333,1.12E+11,56.03289916,IM
Cu51Zr14,2,Cu Zr,51 14,0.09911268,0.234320672,9.492307692,1.25E+11,51.05890006,IM
FeNi2CrCuAl0.6,5,Fe Ni Cr Cu Al,1 2 1 1 0.6,0.044886672,0.115506869,8.357142857,1.56E+11,783.5467376,SS
Gd60Cu20Ni10Al10,4,Gd Cu Ni Al,60 20 10 10,0.153112181,0.318929459,5.3,76400000000,57.91785077,AM
B6Hf2Ni21,3,B Hf Ni,6 2 21,0.171260783,0.170083563,8.137931034,2.04E+11,53.5510557,IM
Cu0.75NiCoFeCrAl0.25,6,Cu Ni Co Fe Cr Al,0.75 1 1 1 1 0.25,0.032503327,0.103163705,8.4,1.63E+11,4238.648478,SS
B2CoNb,3,B Co Nb,2 1 1,0.247692541,0.179722008,5,2.48E+11,52.92810599,IM
Cr3Si,2,Cr Si,3 1,0.033934057,0.103923048,5.5,1.45E+11,41.6786598,IM
Al13Cr4Si4,3,Al Cr Si,13 4 4,0.086327848,0.110910476,3.761904762,96571428571,64.07955074,IM
CoCrFeNiAl2,5,Co Cr Fe Ni Al,1 1 1 1 2,0.066780149,0.126622799,6.5,1.40E+11,157.5409158,SS
Zr45.38Ti9.62Cu8.75Ni10Be26.25,5,Zr Ti Cu Ni Be,45.38 9.62 8.75 10 26.25,0.146607984,0.211945158,4.6875,1.07E+11,67.23447229,AM
Ni60Nb15Hf5Ti20,4,Ni Nb Hf Ti,60 15 5 20,0.083025777,0.193904616,7.75,1.61E+11,64.62023849,AM
CrMo0.5NbTa0.5TiZr ,6,Cr Mo Nb Ta Ti Zr,1 0.5 1 0.5 1 1,0.080423557,0.219809008,4.9,1.45E+11,859.2532676,IM+SS
Ni60Nb15Hf10Ti15,4,Ni Nb Hf Ti,60 15 10 15,0.089571724,0.213520491,7.75,1.61E+11,66.60260265,AM
Ti50Cu20Ni24Si4B2,5,Ti Cu Ni Si B,50 20 24 4 2,0.096916084,0.186174542,6.82,1.37E+11,72.19412398,AM
TiVCrCuFeMnCoNi,8,Ti V Cr Cu Fe Mn Co Ni,1 1 1 1 1 1 1 1,0.055022828,0.148639665,7.5,1.53E+11,463.484166,IM+SS
SrCaYbLi0.55Mg0.45Zn,6,Sr Ca Yb Li Mg Zn,1 1 1 0.55 0.45 1,0.157091252,0.26122119,4.09,31238787879,132.6849656,AM
CoCrFeNiAlNb0.5,6,Co Cr Fe Ni Al Nb,1 1 1 1 1 0.5,0.063318485,0.125829479,7,1.55E+11,190.4765991,IM+SS
Cu11In9,2,Cu In,11 9,0.099859939,0.059699246,7.4,91998500000,65.34962379,IM
Ag3Ga,2,Ag Ga,3 1,0.016029106,0.051961524,9,89000000000,150.244704,IM
Cu50Zr47Al3,3,Cu Zr Al,50 47 3,0.111447554,0.280568067,7.47,1.06E+11,56.98954637,AM
AuNi2Sn4,3,Au Ni Sn,1 2 4,0.110431443,0.209927101,6.714285714,1.16E+11,196.4768618,IM
Cu0.5NiCoCrAl0.5Fe3.5,6,Cu Ni Co Cr Al Fe,0.5 1 1 1 0.5 3.5,0.037372801,0.091423313,8,1.63E+11,1036.495539,SS
FeNi2CrCuAl0.2,5,Fe Ni Cr Cu Al,1 2 1 1 0.2,0.029369486,0.103988506,8.769230769,1.63E+11,21097.95913,SS
Ni60Al10Ni10Cu20,4,Nd Al Ni Cu,60 10 10 20,0.111946698,0.347453594,5.3,72800000000,51.99580473,AM
CuMgSb,3,Cu Mg Sb,1 1 1,0.100931888,0.319409177,6,75666666667,218.6616104,IM
Co2Mo0.8Ni2VW0.8,5,Co Mo Ni V W,2 0.8 2 1 0.8,0.038893071,0.207753739,7.96969697,1.99E+11,401.1142651,IM+SS
CoCrCuFeNiTi0.8 ,6,Co Cr Cu Fe Ni Ti,1 1 1 1 1 0.8,0.057000242,0.133225779,8.137931034,1.58E+11,474.7593965,IM+SS
Sr36Al24Co20Y20,4,Sr Al Co Y,36 24 20 20,0.210408066,0.365214238,3.84,66721818182,137.9832369,AM
Al2FeTi,3,Al Fe Ti,2 1 1,0.063152898,0.109173028,4.5,1.08E+11,59.01140029,IM
Al11Ce3,2,Al Ce,11 3,0.106355732,0.201059693,3,64428571429,19.55016307,IM
AlCoCu,3,Al Co Cu,7 1 2,0.054240906,0.129942295,5.2,99200000000,163.5981576,IM
Al4Mn,2,Al Mn,4 1,0.023170387,0.024,3.8,84800000000,43.23279416,IM
CoCrCuFeNiTi,6,Co Cr Cu Fe Ni Ti,1 1 1 1 1 1,0.061173418,0.138764389,8,1.57E+11,381.4244512,IM+SS
Au2Bi,2,Au Bi,2 1,0.003933835,0.245130351,9,1.57E+11,384.2190472,IM
CoCrCuFeMn,5,Co Cr Cu Fe Mn,1 1 1 1 1,0.031470329,0.136323146,8.2,1.54E+11,668.2084441,SS
TiZrNbMoV2,5,Ti Zr Nb Mo V,1 1 1 1 2,0.070711992,0.250959271,4.833333333,1.50E+11,1373.522704,SS
CrFe,2,Cr Fe,1 1,0.003212851,0.085,7,1.65E+11,1383.1752,IM
CuNiTi,3,Cu Ni Ti,1 1 1,0.071637003,0.172111075,8.333333333,1.43E+11,103.5463368,IM
Al3Mg2,2,Al Mg,3 2,0.055209892,0.146969385,2.6,63600000000,325.7383479,IM
Zr57Nb5Cu15.4Ni12.6Al10,5,Zr Nb Cu Ni Al,57 5 15.4 12.6 10,0.100440875,0.2509112,5.784,1.01E+11,69.54270292,AM
Al2CuMg,3,Al Cu Mg,2 1 1,0.079581612,0.208611481,4.75,84250000000,479.1622488,IM
Zr65Al7.5Cu17.5Ni10,4,Zr Al Cu Ni,65 7.5 17.5 10,0.099743591,0.25382265,5.75,94241666667,58.39778843,AM
Al0.3NbTaTi1.4Zr1.3,5,Al Nb Ta Ti Zr,0.3 1 1 1.4 1.3,0.048446225,0.103184495,4.34,1.28E+11,813.3607456,SS
Al85.5Fe9Ce5.5,3,Al Fe Ce,85.5 9 5.5,0.075490316,0.132326783,3.45,81490000000,49.68273664,AM
Ti50Ni15Cu32Sn3,4,Ti Ni Cu Sn,50 15 32 3,0.07656994,0.183575897,7.14,1.29E+11,111.6797323,AM
Co43Fe20Ta5.5B31.5,4,Co Fe Ta B,43 20 5.5 31.5,0.186632352,0.126987204,6.69,2.23E+11,92.89418187,AM
FeCoNiCrTi,5,Fe Co Ni Cr Ti,1 1 1 1 1,0.066805618,0.141506184,7.4,1.60E+11,185.953194,IM+SS
Al0.8CrCu1.5FeMnNi,6,Al Cr Cu Fe Mn Ni,0.8 1 1.5 1 1 1,0.049563605,0.143039566,7.920634921,1.43E+11,1617.010007,SS
Mg70Ni15Nd15,3,Mg Ni Nd,70 15 15,0.083639826,0.232754699,3.35,63300000000,130.4634807,AM
AgZn3,2,Ag Zn,1 3,0.015382334,0.121243557,11.75,77500000000,155.2499554,IM
AlCoCr2Cu0.5FeNi,6,Al Co Cr Cu Fe Ni,1 1 2 0.5 1 1,0.051830718,0.119965478,7.307692308,1.53E+11,412.8464093,SS
AgMg3,2,Ag Mg,1 3,0.043245827,0.268467875,4.25,58750000000,75.05168524,IM
Cd3Mg,2,Cd Mg,3 1,0.009065452,0.164544827,9.5,42750000000,84.52709491,IM
NiCoFeCrMo0.3,5,Ni Co Fe Cr Mo,1 1 1 1 0.3,0.02377732,0.127279646,8.093023256,1.77E+11,721.6926694,SS
Al2Cu,2,Al Cu,2 1,0.05258061,0.136707311,5.666666667,97333333333,769.7151007,IM
Cu16Mg6Si7,3,Cu Mg Si,16 6 7,0.11787283,0.238997609,7.448275862,1.11E+11,80.52120035,IM
Al4In3Sn3,3,Al In Sn,4 3 3,0.052932165,0.145203306,3.3,57799000000,134.8414949,IM
Al1.2CrCuFeNi2,5,Al Cr Cu Fe Ni,1.2 1 1 1 2,0.056031122,0.125703018,7.838709677,1.49E+11,369.4117282,IM+SS
Cu0.5NiCoFeAl0.5Cr,6,Cu Ni Co Fe Al Cr,0.5 1 1 1 0.5 1,0.043697561,0.111180034,8,1.60E+11,656.1043982,SS
AlNb1.5Ta0.5Ti1.5Zr0.5,5,Al Nb Ta Ti Zr,1 1.5 0.5 1.5 0.5,0.034809102,0.081123363,4.2,1.26E+11,212.5607003,SS
Co3Sn2,2,Co Sn,3 2,0.129252355,0.039191836,7,1.31E+11,0,IM
Zr38.5Ti16.5Ni9.75Cu15.15Be20,5,Zr Ti Ni Cu Be,38.5 16.5 9.75 15.15 20,0.135289628,0.223476638,5.246746747,1.10E+11,82.51906646,AM
Ag3Sb,2,Ag Sb,3 1,0.035160784,0.051961524,9.5,85500000000,215.9634066,IM
Cr55Co24Nb7B14,4,Cr Co Nb B,55 24 7 14,0.133699616,0.147379646,6.23,1.88E+11,122.9311266,AM
TiZrNbMoV3,5,Ti Zr Nb Mo V,1 1 1 1 3,0.070585668,0.232431688,4.857142857,1.52E+11,1354.310386,SS
AlNbTaTiV,5,Al Nb Ta Ti V,1 1 1 1 1,0.035665443,0.048414874,4.4,1.43E+11,265.7840617,SS
Pt3Al,2,Pt Al,3 1,0.013935685,0.29011851,8.25,1.92E+11,30.06648396,IM
Ni45Ti20Zr25Al10,4,Ni Ti Zr Al,45 20 25 10,0.105775239,0.241824316,6.6,1.28E+11,49.6223114,AM
Zr50Ni50,2,Zr Ni,50 50,0.125307125,0.29,7,1.25E+11,27.27321969,AM
AlCrCuFeMnNi,6,Al Cr Cu Fe Mn Ni,1 1 1 1 1 1,0.053876835,0.142556032,7.5,1.41E+11,556.7643263,SS
CuNi2FeMn2Cr,5,Cu Ni Fe Mn Cr,1 2 1 2 1,0.035676948,0.154774358,8.428571429,1.53E+11,5353.318081,SS
AgPt3,2,Ag Pt,1 3,0.017919898,0.151554446,10.25,1.98E+11,1379.432479,IM
AlTiVYZr,5,Al Ti V Y Zr,1 1 1 1 1,0.109513125,0.162554606,3.8,91566666667,194.3541215,AM+IM
Al2Zr3,2,Al Zr,2 3,0.054589176,0.137171426,3.6,72900000000,26.29251365,IM
Au52Pd2.3Cu29.2Si16.5,4,Au Pd Cu Si,52 2.3 29.2 16.5,0.082487017,0.315699081,9.822,1.76E+11,74.15990626,AM
PtAl2,2,Pt Al,1 2,0.014970503,0.315841029,5.333333333,1.27E+11,21.20210611,IM
Al6Mn,2,Al Mn,6 1,0.020202993,0.020995626,3.571428571,82285714286,44.82386085,IM
CoCrFeNiPd,5,Co Cr Fe Ni Pd,1 1 1 1 1,0.040404358,0.174882818,8.6,1.74E+11,535.4283794,SS
Al9Mn11,2,Al Mn,9 11,0.02941415,0.029849623,5.2,1.00E+11,45.93121715,IM
AlTi,2,Al Ti,1 1,0.010366275,0.035,3.5,93000000000,33.20717962,IM
Al2Sm,2,Al Sm,2 1,0.114371572,0.207417989,3,63333333333,20.17638942,IM
Fe89Zr7B4,3,Fe Zr B,89 7 4,0.101834156,0.136222025,7.52,1.69E+11,72.37395706,SS
Cu0.5NiAlCoCrFe,6,Cu Ni Al Co Cr Fe,0.5 1 1 1 1 1,0.055127965,0.120185807,7.545454545,1.52E+11,368.6257939,AM
CrNbTiVZr,5,Cr Nb Ti V Zr,1 1 1 1 1,0.08678228,0.117881296,4.8,1.34E+11,775.7213247,IM+SS
Al0.5CoCrCuFeNiV0.8,7,Al Co Cr Cu Fe Ni V,0.5 1 1 1 1 1 0.8,0.040648045,0.119361491,7.857142857,1.58E+11,717.4941264,IM+SS
Al3Ti,2,Al Ti,3 1,0.009024231,0.030310889,3.25,84500000000,29.62512755,IM
Al0.4Hf0.6NbTaTiZr,6,Al Hf Nb Ta Ti Zr,0.4 0.6 1 1 1 1,0.049230841,0.115838508,4.32,1.29E+11,660.5171088,SS
CoCrFeNi,4,Co Cr Fe Ni,1 1 1 1,0.003021159,0.096695398,8.25,1.73E+11,691.9457254,SS
Ni57Zr20Ti16Pd7,4,Ni Zr Ti Pd,57 20 16 7,0.106215111,0.266602682,7.84,1.47E+11,48.09918175,AM
Cu9In4,2,Cu In,9 4,0.095366926,0.055384615,8.538461538,1.07E+11,77.67219984,IM
NiCoCrMnV,5,Ni Co Cr Mn V,1 1 1 1 1,0.033312919,0.142912561,7.4,1.60E+11,330.9936127,IM+SS
Mg65Cu7.5Ni7.5Zn5Ag5Y10,6,Mg Cu Ni Zn Ag Y,65 7.5 7.5 5 5 10,0.096142622,0.249938868,4.325,65850000000,180.5989481,AM
SbY,2,Sb Y,1 1,0.150702427,0.415,4,41500000000,13.77517895,IM
FeCoNiCrCuAl1.5,6,Fe Co Ni Cr Cu Al,1 1 1 1 1 1.5,0.058925035,0.124933118,7.461538462,1.45E+11,397.3715183,SS
Al9Co2,2,Al Co,9 2,0.049897204,0.104137544,4.090909091,94909090909,45.51097248,IM
Al2Fe,2,Al Fe,2 1,0.065801411,0.103708995,4.666666667,1.07E+11,79.80889497,IM
CuNiCoFe,4,Cu Ni Co Fe,1 1 1 1,0.011403788,0.03082207,9.5,1.68E+11,461.9666534,SS
AuSb2,2,Au Sb,1 2,0.03861334,0.230988215,7,1.01E+11,187.6656602,IM
CdMg3,2,Cd Mg,1 3,0.008971539,0.164544827,4.5,44250000000,105.0698226,IM
B4Co,2,B Co ,4 1,0.190244979,0.064,4.2,2.92E+11,72.71472724,IM
Mg2Ni,2,Mg Ni,2 1,0.112870012,0.282842712,4.666666667,90000000000,213.2720283,IM
Zr44Ti11Cu10Ni10Be25,5,Zr Ti Cu Ni Be,44 11 10 10 25,0.144418198,0.214796159,4.8,1.08E+11,70.3660387,AM
